id,created_utc,created_candle_ts_ms,instrument,side,setup,regime,entry,sl,tp,rr,score,status,fill_price,opened_utc,resolved_utc,result_r,checks,ai_comment
cfd868df9c83879d,2026-05-02T16:09:27.836216+00:00,1777738080000,BTC-USDT-SWAP,LONG,breakout_retest_long,TREND_UP,78464.1,78421.7,78591.2,3.0,7.0,SL,78464.1,2026-05-02T16:27:14.122637+00:00,2026-05-02T16:35:10.515466+00:00,-1,92,"Лонг соответствует восходящему режиму; вход задан на ретесте пробитого уровня 78463, R:R приемлемый, указанные уровни не блокируют TP. По текущей цене не догонять."
6e37032623fe4321,2026-05-04T00:57:44.962592+00:00,1777856160000,BTC-USDT-SWAP,LONG,breakout_retest_long,RANGE,78454.6,78355.9,78750.8,3.0,7.0,TP,78454.6,2026-05-04T01:02:07.168455+00:00,2026-05-04T01:32:10.612259+00:00,3.0,125,"Вход не выглядит запоздалым: цена близко к зоне ретеста локального сопротивления 78452.6. R:R около 3 приемлемый, TP не упирается в ближайшее указанное сопротивление, до major_resistance есть запас. Режим RANGE требует осторожности, но прямого противоречия для лонга от ретеста пробоя нет."
379967d3fd5e3ffe,2026-05-05T01:24:17.256404+00:00,1777944180000,BTC-USDT-SWAP,LONG,breakout_retest_long,TREND_UP,80223.5,80139.9,80474.4,3.0,7.0,SL,80223.5,2026-05-05T01:25:06.405772+00:00,2026-05-05T01:34:07.753984+00:00,-1,34,"Лонг согласуется с восходящим режимом: цена выше EMA20/EMA50, импульс и дисбаланс стакана поддерживают сторону. Вход расположен на ретесте пробитого сопротивления 80221.9, R:R около 3.0, ближайший указанный уровень не блокирует TP."
a61f0632765ac4c4,2026-05-05T01:48:32.298342+00:00,1777945620000,BTC-USDT-SWAP,LONG,breakout_retest_long,TREND_UP,80289.9,80195.2,80574.0,3.0,7.0,TP,80289.9,2026-05-05T01:49:05.057971+00:00,2026-05-05T02:40:12.411362+00:00,3.0,188,"Лонг согласуется с TREND_UP: вход запланирован на ретесте пробитого 80288, R:R около 3 приемлемый, TP не заблокирован указанными уровнями. Не догонять выше входа."
33011998e8dd2d45,2026-05-05T03:41:33.268485+00:00,1777952400000,BTC-USDT-SWAP,LONG,breakout_retest_long,TREND_UP,80889.0,80712.6,81418.3,3.0,7.0,SL,80889.0,2026-05-05T03:44:17.361660+00:00,2026-05-05T04:32:07.863819+00:00,-1,184,"Лонг соответствует восходящему режиму: цена выше EMA20/EMA50, есть повышенный объем и положительный дисбаланс стакана. Вход допустим только как ретест пробитой зоны 80886–80889, не догонять импульс выше текущей цены. R:R около 3 приемлемый, ближайшее сопротивление совпадает с зоной пробоя и не блокирует TP."
1bfbda709aeb981c,2026-05-05T07:15:04.977742+00:00,1777965180000,BTC-USDT-SWAP,LONG,breakout_retest_long,TREND_UP,80962.0,80850.2,81297.3,3.0,7.0,SL,80962.0,2026-05-05T07:15:21.558457+00:00,2026-05-05T07:48:09.409602+00:00,-1,120,"Лонг согласуется с TREND_UP: цена у зоны локального сопротивления 80959.9, вход не выглядит поздним, R:R заявлен 3.0. TP расположен ниже major_resistance 81309.9, но близко к ней, поэтому цель требует осторожности."
e3ea5c16cbc8762a,2026-05-06T00:04:37.179647+00:00,1778025780000,BTC-USDT-SWAP,LONG,breakout_retest_long,RANGE,80952.2,80839.6,81290.2,3.0,7.0,SL,80952.2,2026-05-06T00:23:13.366031+00:00,2026-05-06T00:48:06.709933+00:00,-1,158,"Можно рассматривать только лимитный вход на ретесте 80952.2: R:R около 3, TP не упирается в ближайшее major resistance 81488.1, пробитая local resistance 80950 рядом с entry. По текущей цене 81020 входить уже поздно, нужно ждать ретест."
1051da34e3c0935c,2026-05-06T07:04:17.631254+00:00,1778050980000,BTC-USDT-SWAP,LONG,breakout_retest_long,TREND_UP,81476.9,81416.3,81658.6,3.0,7.0,SL,81476.9,2026-05-06T07:05:06.820542+00:00,2026-05-06T07:18:14.762131+00:00,-1,49,"Лонг соответствует восходящему режиму: вход почти на ретесте пробитого уровня 81475.5, не выглядит поздним, R:R приемлемый. Ближайшее указанное сопротивление уже у зоны входа, выше до TP новых уровней в данных нет."
29a68ce01d451da7,2026-05-06T10:55:23.768809+00:00,1778064840000,BTC-USDT-SWAP,LONG,breakout_retest_long,TREND_UP,82275.7,82087.4,82840.4,3.0,7.0,SL,82275.7,2026-05-06T10:56:12.961560+00:00,2026-05-06T12:56:06.761176+00:00,-1,439,"Лонг соответствует восходящему режиму: вход рядом с ретестом пробитого сопротивления 82272.6, R:R приемлемый, TP не упирается в указанные уровни сопротивления."
eb31d3f6e18995aa,2026-05-07T04:01:03.791278+00:00,1778126340000,BTC-USDT-SWAP,SHORT,breakdown_retest_short,TREND_DOWN,80826.0,80965.9,80406.2,3.0,7.0,SL,80826.0,2026-05-07T04:02:09.810361+00:00,2026-05-07T05:01:16.452898+00:00,-1,220,"Шорт допустим: режим TREND_DOWN подтверждает сторону, вход запланирован на ретесте пробитой поддержки 80828, текущая цена близко к entry и не выглядит поздней. R:R 3.0 приемлемый, ближайшие указанные уровни не блокируют TP."
092cde6330c58466,2026-05-07T05:41:24.781993+00:00,1778132400000,BTC-USDT-SWAP,SHORT,breakdown_retest_short,RANGE,80998.5,81062.3,80806.9,3.0,8.0,SL,80998.5,2026-05-07T05:42:14.063209+00:00,2026-05-07T06:32:03.605985+00:00,-1,183,"Сигнал допустим: вход близко к текущей цене и ретесту 81000, R:R 3.0 достаточный, дисбаланс стакана и цена ниже EMA поддерживают шорт. Ближайшая указанная поддержка 80666.1 ниже TP, поэтому цель 80806.9 не заблокирована уровнем."
60660bf09c884dc1,2026-05-07T07:50:15.925790+00:00,1778140140000,BTC-USDT-SWAP,SHORT,breakdown_retest_short,RANGE,81504.4,81599.5,81219.3,3.0,7.0,TP,81504.4,2026-05-07T07:51:05.207915+00:00,2026-05-07T08:43:07.315949+00:00,3.0,191,"Шорт допустим: вход запланирован на ретесте пробитой локальной поддержки 81506.0, текущая цена не выглядит сильно ушедшей от entry. R:R 3.0 приемлемый, дисбаланс стакана и цена ниже EMA поддерживают short. Режим RANGE повышает риск ложного пробоя, поэтому сигнал не идеальный, но прямого противоречия стороне нет."
6f5566824a6b0227,2026-05-07T09:43:14.820627+00:00,1778146920000,BTC-USDT-SWAP,SHORT,breakdown_retest_short,TREND_DOWN,80876.8,81085.4,80251.2,3.0,7.0,SL,80876.8,2026-05-07T09:45:10.365138+00:00,2026-05-07T12:46:08.262271+00:00,-1,665,"Шорт согласуется с нисходящим режимом: цена ниже EMA20/EMA50, дисбаланс стакана отрицательный, вход расположен на ретесте пробитой поддержки 80880 и не выглядит запоздалым. R:R около 3 приемлемый, ближайшие указанные уровни не блокируют TP."
cf030c246f37209c,2026-05-08T07:25:22.489705+00:00,1778225040000,BTC-USDT-SWAP,SHORT,breakdown_retest_short,TREND_DOWN,79253.1,79354.2,78949.7,3.0,7.0,SL,79253.1,2026-05-08T07:28:06.657584+00:00,2026-05-08T07:31:09.365019+00:00,-1,19,"Сетап соответствует нисходящему режиму: цена ниже EMA20/EMA50, дисбаланс стакана продавцов, вход на ретесте пробитой зоны около 79255 не выглядит поздним, R:R приемлемый. Ближайшие указанные уровни не блокируют TP."
439d17e9318cb932,2026-05-09T01:07:14.633336+00:00,1778288760000,BTC-USDT-SWAP,LONG,breakout_retest_long,TREND_UP,80216.0,80178.4,80328.8,3.0,7.0,TP,80216.0,2026-05-09T01:08:03.973265+00:00,2026-05-09T01:33:06.717483+00:00,3.0,92,"Лонг соответствует восходящему режиму: вход расположен у ретеста пробитого сопротивления 80215.2, цена не ушла далеко от entry, R:R 3.0 приемлемый. Ближайший указанный уровень сопротивления уже является пробитой зоной, TP не заблокирован доступными уровнями."
d031f4d3153f0218,2026-05-10T00:20:25.249854+00:00,1778372340000,BTC-USDT-SWAP,LONG,breakout_retest_long,RANGE,80692.6,80659.3,80792.5,3.0,7.0,SL,80692.6,2026-05-10T00:26:09.814114+00:00,2026-05-10T00:32:10.472257+00:00,-1,41,"Сетап допустим только при входе по ретесту около 80692.6: RR заявлен сильный, TP ниже major resistance 80814.3, явного блокирующего уровня до цели нет. Но рынок в RANGE и RSI высокий, поэтому нельзя догонять цену выше входа."
dd44632997746f84,2026-05-11T10:09:27.545232+00:00,1778494080000,BTC-USDT-SWAP,LONG,breakout_retest_long,RANGE,80970.5,80908.3,81157.1,3.0,7.0,SL,80970.5,2026-05-11T10:40:06.050764+00:00,2026-05-11T10:59:15.759019+00:00,-1,180,"Сигнал допустим: вход запланирован на ретесте пробитого сопротивления 80968.9, R:R заявлен сильный, TP не упирается в указанный ближайший уровень. Но режим RANGE повышает риск ложного пробоя, нужен строгий стоп."
21107397e53aaf78,2026-05-12T01:07:21.863548+00:00,1778547960000,BTC-USDT-SWAP,SHORT,breakdown_retest_short,RANGE,81430.9,81584.0,80971.5,3.0,7.0,TP,81430.9,2026-05-12T01:26:16.614428+00:00,2026-05-12T01:37:14.112249+00:00,3.0,107,"Сетап допустим: вход запланирован на ретесте пробитой поддержки 81432.9 снизу, цена сейчас не ушла далеко от зоны, R:R около 3 приемлемый. Давление подтверждают цена ниже EMA, слабый RSI и отрицательный дисбаланс стакана. Режим RANGE требует осторожности, но прямого противоречия стороне нет."
8f59ff02369e1a81,2026-05-12T08:16:21.150301+00:00,1778573700000,BTC-USDT-SWAP,SHORT,breakdown_retest_short,TREND_DOWN,80765.1,80872.8,80442.2,3.0,7.0,SL,80765.1,2026-05-12T08:17:10.459487+00:00,2026-05-12T08:24:17.707305+00:00,-1,27,"Шорт соответствует нисходящему режиму: цена ниже EMA20/EMA50, дисбаланс стакана в сторону продаж, вход запланирован на ретесте пробитой зоны около 80767. R:R приемлемый, ближайшие указанные уровни не блокируют TP."
3f7b43209e3ac2f4,2026-05-12T09:23:39.071638+00:00,1778577720000,BTC-USDT-SWAP,SHORT,breakdown_retest_short,TREND_DOWN,80708.6,80762.4,80547.2,3.0,7.0,SL,80708.6,2026-05-12T09:25:17.563627+00:00,2026-05-12T09:31:03.058115+00:00,-1,26,"Шорт соответствует нисходящему режиму: цена ниже EMA20/EMA50, дисбаланс стакана отрицательный, объём повышен. Вход близко к зоне пробоя/ретеста 80710, R:R около 3 приемлемый; ближайшее сопротивление выше SL, явного уровня поддержки перед TP не указано. Риск: RSI уже низкий, возможен откат."
0cdd23b754bf7b39,2026-05-12T11:17:33.448347+00:00,1778584560000,BTC-USDT-SWAP,SHORT,breakdown_retest_short,TREND_DOWN,80491.6,80665.5,79969.8,3.0,7.0,SL,80491.6,2026-05-12T11:19:11.965494+00:00,2026-05-12T11:42:13.616620+00:00,-1,89,"Шорт соответствует нисходящему режиму: цена ниже EMA20/EMA50, дисбаланс стакана отрицательный, объём повышен. Вход не выглядит поздним относительно текущей цены, R:R приемлемый, ближайшее сопротивление используется как зона риска, явного уровня поддержки перед TP не указано."
ec1e41cbc4cf9ea2,2026-05-13T14:01:24.778867+00:00,1778680800000,BTC-USDT-SWAP,SHORT,breakdown_retest_short,TREND_DOWN,79538.7,79754.5,78891.4,3.0,7.0,SL,79538.7,2026-05-13T14:02:14.066385+00:00,2026-05-13T14:24:10.561321+00:00,-1,81,"Шорт согласуется с нисходящим режимом: цена ниже EMA20/EMA50, дисбаланс стакана отрицательный, объём повышен. Вход запланирован на ретесте пробитой поддержки 79543.0, R:R около 3.0, ближайшее указанное сопротивление выше SL и не мешает цели."
b1f775e13e59dfc2,2026-05-13T15:49:22.615477+00:00,1778687280000,BTC-USDT-SWAP,SHORT,breakdown_retest_short,TREND_DOWN,79165.6,79337.5,78650.1,3.0,7.0,SL,79165.6,2026-05-13T15:50:11.867577+00:00,2026-05-13T17:28:04.118991+00:00,-1,358,"SHORT согласуется с TREND_DOWN: цена ниже EMA20/EMA50, RSI слабый, дисбаланс стакана отрицательный. Вход рядом с пробитой зоной 79168.0 выглядит как ретест, не как запоздалый вход. R:R 3.0 приемлемый; по предоставленным уровням между входом и TP 78650.1 нет отдельной поддержки, блокирующей цель."
64d63a5ee4271fcf,2026-05-14T06:32:24.282293+00:00,1778740260000,BTC-USDT-SWAP,SHORT,breakdown_retest_short,RANGE,79778.6,79850.9,79561.7,3.0,7.0,SL,79778.6,2026-05-14T06:33:13.610613+00:00,2026-05-14T06:41:10.161665+00:00,-1,30,"Шорт допустим: вход близко к ретесту локальной поддержки 79780, цена ниже EMA20, дисбаланс стакана негативный, R:R около 3.0. Ближайшая значимая поддержка не блокирует TP."
c47b2647dca4960d,2026-05-18T01:35:26.492147+00:00,1779068040000,BTC-USDT-SWAP,SHORT,breakdown_retest_short,TREND_DOWN,76798.8,76937.8,76381.8,3.0,7.0,SL,76798.8,2026-05-18T01:36:15.908576+00:00,2026-05-18T01:50:12.308774+00:00,-1,52,"Сетап соответствует шорту: режим TREND_DOWN, цена ниже EMA20/EMA50, дисбаланс стакана отрицательный, вход расположен у пробитой поддержки 76803. R:R 3.0 приемлемый, текущая цена не выглядит сильно ушедшей от входа. Ближайших указанных уровней поддержки перед TP нет."
887a48d831acff98,2026-05-18T20:44:11.984528+00:00,1779136980000,BTC-USDT-SWAP,SHORT,breakdown_retest_short,RANGE,76974.5,77109.4,76569.6,3.0,7.0,SL,76974.5,2026-05-18T20:55:08.309485+00:00,2026-05-18T21:34:12.718782+00:00,-1,180,"Шорт допустим: вход запланирован на ретест пробитой локальной поддержки, цена ниже EMA20/EMA50, дисбаланс стакана медвежий, R:R около 3.0. Режим RANGE не противоречит напрямую, но RSI перепродан — риск отскока повышен."
09e5e070cacc6039,2026-05-19T02:49:16.132907+00:00,1779158880000,BTC-USDT-SWAP,SHORT,breakdown_retest_short,RANGE,76699.3,76767.2,76495.4,3.0,7.6,SL,76699.3,2026-05-19T02:50:05.361374+00:00,2026-05-19T03:18:13.665017+00:00,-1,104,"Шорт допустим: вход расположен у ретеста пробитой локальной поддержки 76701.1, цена не ушла далеко от entry, EMA выше цены и RSI ниже 50 поддерживают давление вниз. R:R заявлен сильный, ближайшая крупная поддержка ниже TP и не блокирует цель."
96fd42ee772828e6,2026-05-19T06:45:36.635666+00:00,1779173040000,BTC-USDT-SWAP,LONG,breakout_retest_long,TREND_UP,77036.4,76897.8,77452.4,3.0,7.0,SL,77036.4,2026-05-19T06:46:09.462214+00:00,2026-05-19T09:17:07.505430+00:00,-1,553,"Лонг соответствует восходящему режиму: цена выше EMA20/EMA50, RSI без перекупленности, объем и дисбаланс поддерживают пробой. Вход рядом с ретестом уровня 77034.5, R:R около 3.0, известных сопротивлений до TP не указано."
692394db6c0b352f,2026-05-19T10:07:22.342732+00:00,1779185160000,BTC-USDT-SWAP,LONG,breakout_retest_long,RANGE,76821.5,76729.7,77097.0,3.0,7.0,SL,76821.5,2026-05-19T10:08:11.709580+00:00,2026-05-19T10:20:14.910228+00:00,-1,45,"План допустим только как вход на ретесте пробитого локального сопротивления 76819.9; текущая цена уже выше, поэтому не догонять импульс. R:R приемлемый, TP не упирается в ближайшее сопротивление."
ff5d6f8b30760abc,2026-05-20T10:24:29.957528+00:00,1779272580000,BTC-USDT-SWAP,LONG,breakout_retest_long,TREND_UP,77568.3,77526.1,77694.8,3.0,7.0,SL,77568.3,2026-05-20T10:27:14.105326+00:00,2026-05-20T10:27:14.105346+00:00,-1,9,"Лонг соответствует режиму TREND_UP, вход запланирован на ретесте пробитого уровня 77567.3, а не по текущей цене. R:R заявлен сильный, ближайшее сопротивление уже ниже/в зоне ретеста и не блокирует TP. Вход по рынку от текущей цены был бы поздним."
1a4131d6e73070a7,2026-05-22T05:51:28.627634+00:00,1779429000000,BTC-USDT-SWAP,LONG,breakout_retest_long,RANGE,77626.0,77547.2,77862.5,3.0,7.0,SL,77626.0,2026-05-22T05:54:12.916969+00:00,2026-05-22T05:57:13.815176+00:00,-1,19,"Лонг допустим только при ретесте зоны 77624.6–77626: цена рядом с входом, R:R около 3, TP стоит перед major resistance 77866.6. Режим RANGE требует осторожности, вход в импульс не подтверждать."
1ea47d9f506c0ad1,2026-05-22T07:58:23.480233+00:00,1779436620000,BTC-USDT-SWAP,SHORT,breakdown_retest_short,TREND_DOWN,77392.2,77426.9,77288.0,3.0,7.0,SL,77392.2,2026-05-22T08:01:07.706743+00:00,2026-05-22T08:02:13.709507+00:00,-1,12,"Сигнал допустим: сторона SHORT соответствует нисходящему режиму, цена ниже EMA20/EMA50, дисбаланс стакана в пользу продавцов. Вход рядом с зоной ретеста пробитой локальной поддержки, не выглядит сильно запоздалым. R:R около 3 приемлемый, ближайшая крупная поддержка ниже TP и не блокирует цель."
9e61a6446c946f06,2026-05-24T11:02:01.993995+00:00,1779620400000,BTC-USDT-SWAP,LONG,breakout_retest_long,TREND_UP,77190.8,77105.5,77446.5,3.0,7.0,SL,77190.8,2026-05-24T11:43:08.124389+00:00,2026-05-24T12:17:06.414164+00:00,-1,274,"Лонг согласуется с восходящим режимом: цена выше EMA20/EMA50, пробой локального сопротивления 77189.5 подтверждён, вход рядом с ретест-зоной и не выглядит поздним. TP ниже major resistance 77528.5, R:R заявлен приемлемый."
afb25818af50bcb3,2026-05-24T15:52:15.519722+00:00,1779637860000,BTC-USDT-SWAP,SHORT,breakdown_retest_short,TREND_DOWN,76387.0,76452.0,76191.8,3.0,7.0,SL,76387.0,2026-05-24T16:04:02.716866+00:00,2026-05-24T16:04:02.716929+00:00,-1,41,"SHORT согласуется с TREND_DOWN: цена ниже EMA20/EMA50, дисбаланс стакана отрицательный, вход запланирован на ретесте local_support 76388.0, а не вдогонку. R:R 3.0 приемлемый, TP 76191.8 не упирается в major_support 76150.0."
52f9cb4c07b1fd15,2026-05-25T07:47:47.933906+00:00,1779695160000,BTC-USDT-SWAP,LONG,breakout_retest_long,RANGE,77304.3,77226.3,77538.2,3.0,7.0,SL,77304.3,2026-05-25T07:48:04.380778+00:00,2026-05-25T08:12:08.364770+00:00,-1,89,"RR достаточный, вход не выглядит поздним: цена рядом с уровнем, TP расположен ниже major_resistance, явного блокирующего сопротивления до цели нет. Но режим RANGE снижает качество breakout-сценария."
71cf982cb7d6bcc4,2026-05-26T00:17:32.363982+00:00,1779754560000,BTC-USDT-SWAP,SHORT,breakdown_retest_short,TREND_DOWN,77175.6,77218.6,77046.5,3.0,7.0,EXPIRED,,,2026-05-26T02:17:34.058675+00:00,0,438,"Шорт соответствует нисходящему режиму: вход запланирован на ретесте пробитой локальной поддержки 77176.9, текущая цена не ушла далеко от зоны, R:R 3.0 приемлемый. TP 77046.5 расположен выше major_support 77030.6, явного блока до цели нет."
90828af66d6ae484,2026-05-26T05:53:39.396667+00:00,1779774720000,BTC-USDT-SWAP,SHORT,breakdown_retest_short,RANGE,76815.1,76878.7,76624.4,3.0,7.0,SL,76815.1,2026-05-26T05:55:01.461351+00:00,2026-05-26T06:00:13.310089+00:00,-1,23,"Шорт допустим: цена рядом с зоной пробитой локальной поддержки, R:R сильный, ближайшая значимая поддержка ниже TP и не блокирует цель. Режим RANGE снижает качество пробоя, но явного противоречия стороне нет."
0c04ddf8a8ecc738,2026-05-26T15:54:21.911639+00:00,1779810780000,BTC-USDT-SWAP,SHORT,breakdown_retest_short,TREND_DOWN,76310.0,76481.5,75795.4,3.0,7.0,SL,76310.0,2026-05-26T15:57:06.970080+00:00,2026-05-26T15:59:02.169034+00:00,-1,15,"Шорт соответствует нисходящему режиму: цена ниже EMA20/EMA50, дисбаланс стакана отрицательный, вход запланирован на ретесте пробитой локальной поддержки 76314.1, а не вдогонку. R:R 3.0 приемлемый, ближайшие указанные уровни не блокируют TP."
4236d2fcf48a0068,2026-05-26T22:16:13.742957+00:00,1779833700000,BTC-USDT-SWAP,SHORT,breakdown_retest_short,TREND_DOWN,75743.9,75845.9,75437.9,3.0,7.0,SL,75743.9,2026-05-26T22:17:03.110947+00:00,2026-05-26T23:02:17.013346+00:00,-1,166,"SHORT согласуется с нисходящим режимом: цена ниже EMA20/EMA50, дисбаланс стакана отрицательный, объем повышен. Вход запланирован на ретест пробитой зоны около 75747, а не вдогонку; R:R 3.0 приемлемый, ближайшие указанные уровни не блокируют TP."
81d4386b61f34a3b,2026-05-28T20:06:35.887815+00:00,1779998700000,BTC-USDT-SWAP,SHORT,breakdown_retest_short,RANGE,73318.0,73450.7,72920.0,3.0,7.0,SL,73318.0,2026-05-28T20:08:14.817888+00:00,2026-05-28T20:12:05.413027+00:00,-1,19,"Шорт допустим: вход близко к ретесту пробитой поддержки, цена не ушла далеко от entry, R:R заявлен сильный, EMA и стакан поддерживают давление вниз. Но режим RANGE снижает надежность пробоя."
115e3f36ab0e4fbc,2026-05-28T21:38:16.089431+00:00,1780004220000,BTC-USDT-SWAP,LONG,breakout_retest_long,TREND_UP,73722.5,73653.7,73929.1,3.0,7.0,SL,73722.5,2026-05-28T22:05:06.165911+00:00,2026-05-28T22:20:09.767574+00:00,-1,151,"Лонг соответствует восходящему режиму: вход запланирован на ретест пробитого сопротивления 73721.3, а не вдогонку по импульсу. R:R приемлемый, ближайших указанных сопротивлений перед TP нет."
e526c84ccd2197d9,2026-05-29T00:23:13.179133+00:00,1780014120000,BTC-USDT-SWAP,LONG,breakout_retest_long,TREND_UP,73817.7,73649.7,74321.7,3.0,7.0,SL,73817.7,2026-05-29T00:24:02.456501+00:00,2026-05-29T01:21:14.417419+00:00,-1,210,"Лонг соответствует восходящему режиму: вход запланирован на ретесте пробитого уровня 73815.1, цена рядом с entry и не выглядит поздней. R:R 3.0 приемлемый, известных уровней сопротивления до TP не указано."
eb0c073c8df6e8bf,2026-05-29T12:34:35.817472+00:00,1780057980000,BTC-USDT-SWAP,SHORT,breakdown_retest_short,TREND_DOWN,73281.1,73314.8,73179.8,3.0,7.0,TP,73281.1,2026-05-29T12:38:09.575581+00:00,2026-05-29T12:47:11.762934+00:00,3.0,45,"SHORT соответствует нисходящему режиму: цена ниже EMA20/EMA50, дисбаланс стакана сильно в сторону продавцов, вход запланирован на ретесте пробитой поддержки 73282.4, а не вдогонку. R:R приемлемый, ближайшие указанные уровни не блокируют TP."
b643f931eec9ed8a,2026-05-29T13:11:48.027221+00:00,1780060200000,BTC-USDT-SWAP,SHORT,breakdown_retest_short,TREND_DOWN,73164.1,73234.4,72953.4,3.0,7.0,SL,73164.1,2026-05-29T13:38:16.664918+00:00,2026-05-29T13:39:06.266565+00:00,-1,99,"Сетап согласуется с TREND_DOWN: цена ниже EMA20/EMA50, дисбаланс стакана bearish, вход запланирован на ретест пробитой поддержки 73166, а не вдогонку. R:R 3.0 приемлемый; ближайший указанный уровень поддержки уже выше входа и не блокирует TP. Риск: RSI перепродан, возможен откат к зоне ретеста."
538286929b9e8555,2026-05-29T14:19:24.964301+00:00,1780064280000,BTC-USDT-SWAP,SHORT,breakdown_retest_short,TREND_DOWN,72848.0,73051.2,72238.5,3.0,7.0,SL,72848.0,2026-05-29T14:35:17.262619+00:00,2026-05-29T14:53:06.013697+00:00,-1,121,"SHORT соответствует нисходящему режиму: цена ниже EMA20/EMA50, дисбаланс стакана отрицательный, объем повышен. Вход запланирован на ретест зоны 72851.6, а не вдогонку; R:R 3.0 приемлемый. Ближайшие указанные уровни не блокируют TP 72238.5."
aec2c19667c3cb78,2026-06-01T06:26:46.128765+00:00,1780295100000,BTC-USDT-SWAP,SHORT,breakdown_retest_short,TREND_DOWN,73185.8,73283.9,72891.5,3.0,7.0,TP,73185.8,2026-06-01T06:29:13.914839+00:00,2026-06-01T07:32:13.711540+00:00,3.0,237,"Шорт соответствует нисходящему режиму: цена ниже EMA20/EMA50, дисбаланс стакана отрицательный, вход запланирован на ретесте зоны 73188 снизу. Вход не выглядит поздним, R:R заявлен 3.0, ближайшее указанное сопротивление выше, TP не блокируется предоставленными уровнями."
4f80a3dd0715cb01,2026-06-01T10:34:09.288159+00:00,1780309920000,BTC-USDT-SWAP,SHORT,breakdown_retest_short,TREND_DOWN,72638.3,72771.7,72238.0,3.0,7.0,SL,72638.3,2026-06-01T10:34:25.714945+00:00,2026-06-01T10:56:06.864553+00:00,-1,80,"Шорт соответствует нисходящему режиму: цена ниже EMA20/EMA50, RSI слабый, дисбаланс стакана отрицательный. Вход запланирован на ретесте пробитой поддержки 72640.4, не выглядит поздним; R:R 3.0 приемлемый, ближайших указанных поддержек ниже, блокирующих TP 72238.0, нет."
88f7bf269c11bcb9,2026-06-01T13:56:33.188847+00:00,1780322100000,BTC-USDT-SWAP,SHORT,breakdown_retest_short,TREND_DOWN,71533.2,71721.7,70967.8,3.0,7.0,SL,71533.2,2026-06-01T13:59:17.913748+00:00,2026-06-01T13:59:17.913963+00:00,-1,9,"Сетап соответствует нисходящему режиму: цена ниже EMA20/EMA50, дисбаланс стакана отрицательный, вход запланирован на ретесте пробитой зоны 71538.1 снизу. R:R заявлен достаточный, ближайшие указанные уровни не блокируют TP."
a267695637923fba,2026-06-01T16:08:43.259763+00:00,1780330020000,BTC-USDT-SWAP,SHORT,breakdown_retest_short,TREND_DOWN,71049.3,71185.4,70640.9,3.0,7.0,SL,71049.3,2026-06-01T16:30:08.361729+00:00,2026-06-01T16:39:12.017111+00:00,-1,110,"Шорт согласуется с нисходящим режимом: цена ниже EMA20/EMA50, дисбаланс стакана отрицательный, вход запланирован на ретесте пробитой зоны около локальной поддержки, а не погоней за текущей ценой. R:R около 3.0 приемлемый, явных уровней поддержки перед TP в предоставленных данных нет."
68efdc360eddf361,2026-06-02T05:52:37.812043+00:00,1780379460000,BTC-USDT-SWAP,SHORT,breakdown_retest_short,TREND_DOWN,70354.0,70529.0,69829.1,3.0,7.0,TP,70354.0,2026-06-02T05:53:10.715277+00:00,2026-06-02T07:03:12.015333+00:00,3.0,255,"Шорт допустим: режим TREND_DOWN подтверждает сторону, вход запланирован на ретесте пробитой зоны около 70357.7, R:R достаточный, TP не перекрыт указанными уровнями поддержки/сопротивления."
0049d7babd962201,2026-06-02T08:57:21.547646+00:00,1780390560000,BTC-USDT-SWAP,SHORT,breakdown_retest_short,TREND_DOWN,69735.0,69812.0,69504.0,3.0,7.0,SL,69735.0,2026-06-02T08:58:10.964862+00:00,2026-06-02T08:59:16.867194+00:00,-1,5,"Шорт соответствует нисходящему режиму: цена ниже EMA20/EMA50, дисбаланс стакана отрицательный, вход запланирован на ретесте пробитой поддержки. R:R около 3 приемлемый, TP не блокируется указанными уровнями."
f5ac5aefb5b4a2be,2026-06-02T09:23:10.251150+00:00,1780392060000,BTC-USDT-SWAP,SHORT,breakdown_retest_short,TREND_DOWN,69459.6,69616.9,68987.8,3.0,7.0,SL,69459.6,2026-06-02T09:23:26.708276+00:00,2026-06-02T10:10:03.568230+00:00,-1,171,"Сетап согласуется с нисходящим режимом: цена ниже EMA20/EMA50, дисбаланс стакана отрицательный, вход запланирован на ретесте пробитой поддержки около 69463.1. R:R около 3 выглядит приемлемо, вход не выглядит погоней за движением."
22bd60d36733bda8,2026-06-02T12:20:13.887690+00:00,1780402740000,BTC-USDT-SWAP,SHORT,breakdown_retest_short,TREND_DOWN,69218.7,69375.0,68750.0,3.0,7.0,SL,69218.7,2026-06-02T12:21:03.225648+00:00,2026-06-02T12:24:07.870231+00:00,-1,11,"SHORT соответствует нисходящему режиму: цена ниже EMA20/EMA50, дисбаланс стакана слегка в пользу продавцов, вход расположен у ретеста пробитой поддержки 69222. R:R около 3 приемлемый, ближайшие указанные сопротивления не мешают плану."
3cf1b2597d5056f6,2026-06-03T08:15:14.555163+00:00,1780474440000,BTC-USDT-SWAP,SHORT,breakdown_retest_short,RANGE,67074.2,67141.4,66872.5,3.0,7.0,SL,67074.2,2026-06-03T08:16:03.961997+00:00,2026-06-03T08:34:11.976111+00:00,-1,67,"План выглядит допустимым: вход на ретесте пробитой локальной поддержки, цена сейчас ниже entry, поэтому вход не выглядит запоздалым. R:R приемлемый, ближайшая значимая поддержка ниже TP и не блокирует цель. Режим RANGE снижает уверенность, но не противоречит короткой сделке от ретеста."
0f66394f2d09b39f,2026-06-03T09:19:44.478971+00:00,1780478280000,BTC-USDT-SWAP,SHORT,breakdown_retest_short,RANGE,66889.2,67044.4,66423.4,3.0,7.0,SL,66889.2,2026-06-03T09:50:15.055957+00:00,2026-06-03T09:50:15.056009+00:00,-1,110,"Вход не выглядит запоздалым: цена ниже entry, план на ретест пробитой зоны. R:R достаточный, локальные факторы в пользу шорта: цена ниже EMA20/EMA50, RSI слабый, дисбаланс стакана отрицательный. Режим RANGE повышает риск ложного пробоя, но прямого противоречия стороне нет."
9dcb92807c3e27b8,2026-06-03T15:47:44.788669+00:00,1780501560000,BTC-USDT-SWAP,SHORT,breakdown_retest_short,TREND_DOWN,66204.6,66366.6,65718.8,3.0,7.0,TP,66204.6,2026-06-03T15:48:17.819969+00:00,2026-06-03T16:24:06.231291+00:00,3.0,131,"Шорт согласуется с нисходящим режимом: цена ниже EMA20/EMA50, дисбаланс стакана отрицательный, вход запланирован на ретест пробитой зоны около 66209. R:R приемлемый, TP не блокируется указанными уровнями."
f575274cf9090f7f,2026-06-03T20:55:25.908973+00:00,1780520040000,BTC-USDT-SWAP,SHORT,breakdown_retest_short,TREND_DOWN,65030.8,65183.4,64573.0,3.0,7.0,SL,65030.8,2026-06-03T21:03:07.815163+00:00,2026-06-03T21:03:07.815205+00:00,-1,26,"Шорт соответствует нисходящему режиму: цена ниже EMA20/EMA50, дисбаланс стакана продавцов, вход запланирован на ретест пробитой зоны 65035 снизу. R:R заявлен приемлемый; по текущей цене входить поздно — только от указанного entry."
f3ca07f9f38f913d,2026-06-04T08:13:15.055124+00:00,1780560720000,BTC-USDT-SWAP,SHORT,breakdown_retest_short,TREND_DOWN,63406.8,63890.6,61955.2,3.0,7.0,SL,63406.8,2026-06-04T08:14:04.658661+00:00,2026-06-04T12:51:17.867681+00:00,-1,1006,"Шорт согласуется с нисходящим режимом: цена ниже EMA20/EMA50, RSI слабый, дисбаланс стакана отрицательный. Вход близко к зоне пробоя/ретеста 63412.5, R:R 3.0 приемлемый, ближайшее сопротивление выше и не блокирует TP."
c64948cdfb9349be,2026-06-04T09:20:04.764466+00:00,1780564680000,BTC-USDT-SWAP,SHORT,breakdown_retest_short,TREND_DOWN,63156.3,63401.3,62421.5,3.0,7.0,TP,63156.3,2026-06-04T09:21:10.672048+00:00,2026-06-04T10:31:13.073241+00:00,3.0,258,"Шорт соответствует нисходящему режиму: цена ниже EMA20/EMA50, дисбаланс стакана отрицательный, объём повышен. Вход запланирован на ретесте пробитой зоны, не выглядит погоней за движением. R:R 3.0 приемлемый, ближайшее сопротивление выше SL, явного уровня поддержки перед TP не указано."
cf9796c0d86834d8,2026-06-04T13:17:55.871643+00:00,1780578960000,BTC-USDT-SWAP,SHORT,breakdown_retest_short,RANGE,63473.7,63710.3,62763.8,3.0,7.0,SL,63473.7,2026-06-04T13:18:12.468038+00:00,2026-06-04T13:32:16.064223+00:00,-1,52,"SHORT допустим: вход запланирован на ретесте пробитой локальной поддержки 63478.8, текущая цена ниже entry, поэтому вход не выглядит запоздалым. R:R 3.0 достаточный, ближайший указанный major support 62157.0 не блокирует TP 62763.8. Режим RANGE снижает качество пробойного сетапа, но не дает прямого противоречия short при цене ниже EMA20/EMA50 и слабом RSI."
f60e6a3ba78906e5,2026-06-04T16:31:36.080214+00:00,1780590600000,BTC-USDT-SWAP,SHORT,breakdown_retest_short,RANGE,63597.0,63863.8,62796.4,3.0,7.0,SL,63597.0,2026-06-04T16:32:09.063440+00:00,2026-06-04T16:49:17.614148+00:00,-1,63,"Сетап допустим: вход запланирован на ретесте пробитой поддержки 63601.1 снизу, SL выше локального сопротивления 63859.7, R:R около 3.0. Цена сейчас ниже входа, поэтому это не выглядит как догоняющий вход, а именно ожидание ретеста. Режим RANGE требует осторожности, но прямо не противоречит короткой сделке после пробоя."
5520d287172380be,2026-06-05T08:40:16.063136+00:00,1780648680000,BTC-USDT-SWAP,SHORT,breakdown_retest_short,RANGE,62537.8,62909.3,61423.3,3.0,7.0,SL,62537.8,2026-06-05T08:40:32.660535+00:00,2026-06-05T09:14:02.368010+00:00,-1,123,"Вход не выглядит поздним: цена ниже entry, план через ретест пробитой local_support 62542.5. R:R 3.0 приемлемый, SL за local_resistance 62900.0, TP выше major_support 61336.0, явного блока перед целью нет. Но режим RANGE повышает риск ложного пробоя, вход только по ретесту без погони за ценой."
4b43b1ea0f7368c0,2026-06-05T11:42:24.023753+00:00,1780659660000,BTC-USDT-SWAP,SHORT,breakdown_retest_short,TREND_DOWN,62203.4,62373.8,61692.2,3.0,7.0,TP,62203.4,2026-06-05T11:43:13.664143+00:00,2026-06-05T12:03:18.167723+00:00,3.0,74,"Шорт согласуется с нисходящим режимом: цена ниже EMA20/EMA50, дисбаланс стакана отрицательный, вход запланирован на ретест пробитой зоны около 62207. R:R приемлемый, ближайшее сопротивление выше входа не мешает сценарию."
6c2ed3444668664b,2026-06-05T17:26:29.137360+00:00,1780680300000,BTC-USDT-SWAP,SHORT,breakdown_retest_short,RANGE,60754.7,60940.6,60196.9,3.0,7.0,SL,60754.7,2026-06-05T17:29:13.862383+00:00,2026-06-05T17:41:19.010020+00:00,-1,53,"Шорт допустим: цена ниже пробитой локальной поддержки 60760, вход запланирован на ретесте, а не вдогонку. EMA и дисбаланс стакана поддерживают давление вниз, R:R около 3 приемлемый. Ближайшая major support ниже TP и не блокирует цель."
44398e80c7a888de,2026-06-05T18:15:50.874161+00:00,1780683240000,BTC-USDT-SWAP,SHORT,breakdown_retest_short,TREND_DOWN,60622.0,60869.2,59880.6,3.0,7.0,TP,60622.0,2026-06-05T18:16:07.474184+00:00,2026-06-05T18:38:14.866491+00:00,3.0,80,"Шорт соответствует нисходящему режиму: цена ниже EMA20/EMA50, дисбаланс стакана отрицательный, объем повышен. Вход запланирован на ретесте пробитой зоны 60608–60626.8, R:R приемлемый, явного уровня поддержки перед TP не указано."
df9ebb0747a30cae,2026-06-06T02:06:41.645128+00:00,1780711500000,BTC-USDT-SWAP,SHORT,breakdown_retest_short,TREND_DOWN,60914.9,61124.1,60287.3,3.0,7.0,SL,60914.9,2026-06-06T02:07:14.506577+00:00,2026-06-06T02:52:10.062718+00:00,-1,165,"Сетап согласуется с нисходящим режимом: цена ниже EMA20/EMA50, дисбаланс стакана сильно в сторону продаж, объём повышен. Вход близко к пробитой зоне 60918 и не выглядит поздним; R:R около 3 приемлемый. Ближайшие указанные сопротивления выше входа, явных уровней поддержки между входом и TP не дано."
28ab7b099171bb4b,2026-06-06T06:43:25.284963+00:00,1780728120000,BTC-USDT-SWAP,SHORT,breakdown_retest_short,RANGE,60934.6,61159.8,60259.0,3.0,8.0,SL,60934.6,2026-06-06T06:54:06.361046+00:00,2026-06-06T07:16:19.062380+00:00,-1,118,"Сетап допустим только как вход на ретесте зоны 60934.6: цена ниже EMA, дисбаланс стакана отрицательный, RR 3.0 приемлемый. В RANGE риск ложного пробоя выше, но ближайшая поддержка не блокирует TP 60259.0."
b13f887fa9c746e9,2026-06-06T10:20:38.937708+00:00,1780741140000,BTC-USDT-SWAP,SHORT,breakdown_retest_short,TREND_DOWN,60518.5,60722.5,59906.5,3.0,7.0,SL,60518.5,2026-06-06T10:22:17.910459+00:00,2026-06-06T11:03:12.756992+00:00,-1,154,"Сетап соответствует нисходящему режиму: цена ниже EMA20/EMA50, дисбаланс стакана отрицательный, вход запланирован на ретесте пробитой поддержки 60523.3 снизу. R:R заявлен достаточный, ближайшие указанные уровни не блокируют TP."
ec087811fba9e7be,2026-06-06T19:36:21.885321+00:00,1780774500000,BTC-USDT-SWAP,SHORT,breakdown_retest_short,RANGE,60563.5,60619.8,60394.7,3.0,7.0,SL,60563.5,2026-06-06T19:38:17.219359+00:00,2026-06-06T19:46:15.518384+00:00,-1,34,"Шорт от ретеста пробитой локальной поддержки выглядит допустимо: вход не по текущей цене, R:R около 3, цена ниже EMA, дисбаланс стакана в пользу продавцов. TP расположен выше major_support, поэтому ближайшая поддержка не блокирует цель напрямую."
77ce1f84849ad28c,2026-06-07T23:26:22.808401+00:00,1780874700000,BTC-USDT-SWAP,LONG,breakout_retest_long,TREND_UP,63032.4,62771.7,63814.5,3.0,7.0,SL,63032.4,2026-06-08T01:16:12.909881+00:00,2026-06-08T01:27:11.112921+00:00,-1,438,"Лонг соответствует восходящему режиму: вход запланирован на ретесте пробитого локального сопротивления 63028.3, а не вдогонку импульсу. SL расположен у локальной поддержки 62768.1, TP ниже major resistance 64407.5, R:R приемлемый."
9b6fd4b0d9cef3d4,2026-06-08T01:57:30.895180+00:00,1780883760000,BTC-USDT-SWAP,LONG,breakout_retest_long,RANGE,63162.4,62952.4,63792.6,3.0,7.0,SL,63162.4,2026-06-08T01:58:03.756616+00:00,2026-06-08T02:20:16.324171+00:00,-1,82,"Вход на ретесте пробитого локального сопротивления выглядит не поздним, R:R достаточный, TP расположен ниже major resistance и не упирается в него напрямую. Режим RANGE снижает качество пробоя, но не дает прямого противоречия для long при цене выше EMA."
26b54604c4d43267,2026-06-08T05:14:22.937902+00:00,1780895580000,BTC-USDT-SWAP,SHORT,breakdown_retest_short,RANGE,62529.4,62719.2,61960.1,3.0,7.0,SL,62529.4,2026-06-08T05:15:14.862450+00:00,2026-06-08T05:28:09.311956+00:00,-1,48,"Шорт допустим: цена у зоны ретеста пробитой поддержки, вход не выглядит поздним, R:R 3.0 приемлемый. Давление подтверждают цена ниже EMA20/EMA50, отрицательный дисбаланс стакана и повышенный объем. Режим RANGE требует осторожности, но не дает прямого запрета для шорта от сопротивления/ретеста."
6230c888016cbcef,2026-06-08T07:28:18.233509+00:00,1780903620000,BTC-USDT-SWAP,LONG,breakout_retest_long,TREND_UP,63202.5,63077.0,63579.2,3.0,7.0,SL,63202.5,2026-06-08T07:29:07.771193+00:00,2026-06-08T07:43:08.824252+00:00,-1,52,"Лонг соответствует восходящему режиму: вход рядом с ретестом пробитого сопротивления 63198.9, цена не ушла далеко от entry, R:R около 3.0 приемлемый. Ближайшее указанное сопротивление уже ниже входа и не блокирует TP."
15261cba8a7da436,2026-06-08T07:49:54.288906+00:00,1780904880000,BTC-USDT-SWAP,LONG,breakout_retest_long,TREND_UP,63261.0,63036.3,63934.9,3.0,7.0,SL,63261.0,2026-06-08T07:52:06.223289+00:00,2026-06-08T08:03:06.812525+00:00,-1,48,"Лонг соответствует восходящему режиму: вход у зоны пробитого сопротивления 63257.9 выглядит как ретест, R:R около 3.0, ближайшее указанное сопротивление уже пройдено и не блокирует TP. Цена немного выше входа, но не выглядит критически поздней."
39d8885c3a1bd368,2026-06-09T00:25:48.838354+00:00,1780964640000,BTC-USDT-SWAP,SHORT,breakdown_retest_short,TREND_DOWN,62861.5,63163.8,61954.6,3.0,7.0,SL,62861.5,2026-06-09T00:26:05.528413+00:00,2026-06-09T04:35:03.910495+00:00,-1,893,"SHORT соответствует нисходящему режиму: цена ниже EMA20/EMA50, дисбаланс стакана отрицательный, вход запланирован на ретесте пробитой поддержки 62866. R:R приемлемый, SL расположен за локальным сопротивлением 63154.9. Ближайший уровень не блокирует TP, так как поддержка уже пробита и находится у зоны входа."
243fc7fffde5bc23,2026-06-09T06:02:03.641201+00:00,1780984800000,BTC-USDT-SWAP,SHORT,breakdown_retest_short,RANGE,63266.2,63432.6,62766.9,3.0,7.0,SL,63266.2,2026-06-09T06:02:20.223612+00:00,2026-06-09T06:23:10.313668+00:00,-1,75,"Сетап допустим: вход рядом с пробитой локальной поддержкой, цена не выглядит сильно ушедшей, R:R достаточный. TP расположен выше major_support, поэтому ближайшая поддержка не блокирует цель."
767b0fa185cfc24b,2026-06-09T13:37:36.176878+00:00,1781012160000,BTC-USDT-SWAP,SHORT,breakdown_retest_short,TREND_DOWN,62228.9,62481.0,61472.4,3.0,7.0,SL,62228.9,2026-06-09T13:39:16.416564+00:00,2026-06-09T13:50:06.373667+00:00,-1,44,"Шорт согласуется с нисходящим режимом: цена ниже EMA20/EMA50, дисбаланс стакана отрицательный, пробитая поддержка 62232.7 близко к зоне ретеста. R:R заявлен сильный, вход не выглядит сильно запоздалым относительно текущей цены."
2437eed625920ba4,2026-06-09T16:20:29.195349+00:00,1781021940000,BTC-USDT-SWAP,SHORT,breakdown_retest_short,TREND_DOWN,60890.5,61120.1,60201.6,3.0,7.0,SL,60890.5,2026-06-09T16:21:19.174470+00:00,2026-06-09T16:33:14.171937+00:00,-1,44,"Шорт согласуется с нисходящим режимом: цена ниже EMA20/EMA50, дисбаланс стакана отрицательный, вход запланирован на ретесте пробитой зоны около 60895. R:R 3.0 приемлемый, ближайшие указанные уровни не блокируют TP."
9407c5c80ce75c7d,2026-06-10T05:16:35.035347+00:00,1781068500000,BTC-USDT-SWAP,SHORT,breakdown_retest_short,TREND_DOWN,61108.5,61216.6,60784.2,3.0,7.0,SL,61108.5,2026-06-10T05:18:14.722131+00:00,2026-06-10T05:29:05.622393+00:00,-1,43,"Сетап допустим: шорт соответствует нисходящему режиму, вход запланирован на ретесте пробитой поддержки 61111 снизу, R:R заявлен сильный. Ближайшие указанные уровни не блокируют TP."
8b1441efa227fc42,2026-06-10T09:20:23.015816+00:00,1781083140000,BTC-USDT-SWAP,SHORT,breakdown_retest_short,TREND_DOWN,61007.4,61172.0,60513.7,3.0,7.0,SL,61007.4,2026-06-10T09:26:12.325121+00:00,2026-06-10T09:28:08.765520+00:00,-1,26,"Шорт соответствует нисходящему режиму: цена ниже EMA20/EMA50, дисбаланс стакана отрицательный, вход на ретесте пробитой зоны около 61010.7 не выглядит поздним, R:R 3.0 приемлемый. Ближайшие указанные уровни не блокируют TP 60513.7."
b8f24b4252b5df4f,2026-06-10T22:18:18.262176+00:00,1781129820000,BTC-USDT-SWAP,SHORT,breakdown_retest_short,TREND_DOWN,61119.0,61301.2,60572.6,3.0,7.0,SL,61119.0,2026-06-10T22:19:07.964612+00:00,2026-06-10T22:29:06.013970+00:00,-1,37,"Шорт соответствует нисходящему режиму: цена ниже EMA20/EMA50, дисбаланс стакана отрицательный, объём повышен. Вход запланирован на ретесте зоны 61122 снизу, R:R около 3 приемлемый. Ближайший указанный уровень поддержки уже рядом с входом, но не блокирует TP ниже."
6861edc5ce4b6357,2026-06-11T08:10:26.324425+00:00,1781165340000,BTC-USDT-SWAP,LONG,breakout_retest_long,TREND_UP,62759.4,62705.2,62922.1,3.0,7.0,TP,62759.4,2026-06-11T08:12:05.863437+00:00,2026-06-11T08:29:15.654715+00:00,3.0,66,"Лонг соответствует восходящему режиму: вход близко к пробитому локальному сопротивлению 62757.9, цена не ушла далеко от entry, R:R около 3 приемлемый. TP 62922.1 расположен ниже major_resistance 62966.0, явного блокирующего уровня перед целью нет."
2358cbbe7387b95d,2026-06-11T08:49:21.712776+00:00,1781167680000,BTC-USDT-SWAP,LONG,breakout_retest_long,TREND_UP,62947.0,62806.2,63369.6,3.0,7.0,SL,62947.0,2026-06-11T08:50:11.511737+00:00,2026-06-11T09:13:13.518353+00:00,-1,83,"Лонг соответствует режиму TREND_UP, вход расположен на ретесте пробитого сопротивления 62945.1, R:R = 3.0 приемлемый. Текущая цена немного выше входа, поэтому не догонять импульс — актуально только при возврате к зоне входа."
f66afba0f03db4d9,2026-06-11T10:58:32.820222+00:00,1781175420000,BTC-USDT-SWAP,LONG,breakout_retest_long,TREND_UP,63080.3,62913.4,63580.8,3.0,7.0,SL,63080.3,2026-06-11T10:59:05.914757+00:00,2026-06-11T12:22:15.456493+00:00,-1,301,"Лонг соответствует восходящему режиму: вход запланирован на ретесте пробитого сопротивления 63077.3, а не в явном импульсе. R:R 3.0 приемлемый, ближайший указанный уровень не блокирует TP, так как он уже является зоной пробоя."
ab2cca9cb4d48171,2026-06-11T11:32:41.870633+00:00,1781177460000,BTC-USDT-SWAP,LONG,breakout_retest_long,TREND_UP,63201.9,63065.9,63609.9,3.0,7.0,SL,63201.9,2026-06-11T11:33:15.070373+00:00,2026-06-11T11:39:03.868168+00:00,-1,22,"Лонг соответствует восходящему режиму: вход у пробитого сопротивления 63199.7 на ретесте, цена не ушла далеко от entry, R:R 3.0 приемлемый. Ближайших указанных сопротивлений выше TP нет."
daf308d1dffe8e44,2026-06-12T01:20:43.927433+00:00,1781227140000,BTC-USDT-SWAP,SHORT,breakdown_retest_short,RANGE,63417.9,63514.6,63127.6,3.0,7.0,SL,63417.9,2026-06-12T01:50:18.560603+00:00,2026-06-12T02:08:04.263915+00:00,-1,169,"Сетап допустим только при входе на ретесте 63417.9: цена ниже EMA20/EMA50, дисбаланс стакана в пользу продавцов, R:R заявлен 3.0. Не шортить с текущей цены, чтобы не ухудшать R:R."
23bab42caa29e7b6,2026-06-12T13:31:27.992945+00:00,1781271000000,BTC-USDT-SWAP,SHORT,breakdown_retest_short,RANGE,63317.6,63427.5,62987.8,3.0,7.0,SL,63317.6,2026-06-12T13:32:17.874607+00:00,2026-06-12T14:02:03.173558+00:00,-1,108,"План соответствует пробой-ретесту: вход у пробитой поддержки 63320, цена ниже EMA20/EMA50, дисбаланс отрицательный, R:R около 3; указанных поддержек перед TP нет. Вход актуален только на ретесте 63317.6, не по текущей цене."
4f9d5f6579d8e4c5,2026-06-12T20:17:10.164939+00:00,1781295300000,BTC-USDT-SWAP,SHORT,breakdown_retest_short,RANGE,63524.7,63672.8,63080.6,3.0,7.0,SL,63524.7,2026-06-12T20:17:26.809771+00:00,2026-06-13T01:09:12.727203+00:00,-1,1050,"Сетап допустим: вход запланирован на ретесте пробитой поддержки около 63527, текущая цена ниже entry, поэтому вход не выглядит запоздалым. R:R около 3.0, SL выше локального сопротивления 63668.4, явных уровней поддержки до TP в данных нет. Режим RANGE снижает уверенность, но не дает прямого противоречия short-сценарию."
f04a40299b4968a5,2026-06-13T07:27:30.164368+00:00,1781335560000,BTC-USDT-SWAP,LONG,breakout_retest_long,TREND_UP,63718.1,63658.7,63896.4,3.0,7.0,TP,63718.1,2026-06-13T07:33:03.269950+00:00,2026-06-13T11:11:18.172783+00:00,3.0,803,"Лонг соответствует восходящему режиму: цена выше EMA20/EMA50, дисбаланс стакана и объем поддерживают пробой. Вход не выглядит поздним, если исполняется именно на ретесте зоны 63717, R:R достаточный. Ближайшее сопротивление совпадает с пробитым уровнем и не блокирует TP при удержании выше него."
7a5297d8f1cd5a01,2026-06-13T10:53:29.506546+00:00,1781347920000,BTC-USDT-SWAP,LONG,breakout_retest_long,TREND_UP,63859.3,63825.2,63961.6,3.0,7.0,SL,63859.3,2026-06-13T10:54:02.887400+00:00,2026-06-13T10:55:09.512723+00:00,-1,5,"Лонг соответствует восходящему режиму: вход запланирован на ретесте пробитого уровня 63858, а не по импульсу. R:R заявлен сильный, ближайшее указанное сопротивление уже под входом и не блокирует TP. Есть риск из-за высокого RSI, но это не вето при ретест-сценарии."
07c671ccbc465de9,2026-06-13T16:46:50.358671+00:00,1781369100000,BTC-USDT-SWAP,LONG,breakout_retest_long,RANGE,64065.6,63983.9,64310.6,3.0,7.0,SL,64065.6,2026-06-13T16:48:13.833114+00:00,2026-06-13T16:49:03.914431+00:00,-1,8,"Лонг допустим только как отложенный вход на ретесте 64065.6, без погони за текущей ценой. R:R приемлемый, TP расположен перед major resistance 64312.4, но режим RANGE снижает качество пробоя."
972ed64253f4cf23,2026-06-14T17:29:43.613186+00:00,1781458080000,BTC-USDT-SWAP,SHORT,breakdown_retest_short,TREND_DOWN,63878.4,63927.1,63732.3,3.0,7.0,SL,63878.4,2026-06-14T17:31:06.762423+00:00,2026-06-14T17:37:13.161279+00:00,-1,26,"Шорт согласуется с нисходящим режимом: цена ниже EMA20/EMA50, RSI слабый, дисбаланс стакана отрицательный. Вход запланирован на ретесте пробитой поддержки 63879.4, не выглядит поздним; R:R около 3 приемлемый. Ближайшие указанные уровни не блокируют TP."
7155439ec73ee754,2026-06-15T04:31:38.059589+00:00,1781497800000,BTC-USDT-SWAP,SHORT,breakdown_retest_short,RANGE,65667.3,65722.4,65501.8,3.0,7.0,SL,65667.3,2026-06-15T04:32:11.431796+00:00,2026-06-15T05:22:10.100210+00:00,-1,180,"Сигнал допустим: вход близко к зоне ретеста локальной поддержки, цена ниже EMA20/EMA50, дисбаланс стакана и RSI поддерживают короткую сторону. R:R заявлен сильный, явного уровня поддержки перед TP не указано."
f4d73ba22b32800e,2026-06-15T06:25:42.557294+00:00,1781504640000,BTC-USDT-SWAP,LONG,breakout_retest_long,TREND_UP,65882.7,65820.9,66068.0,3.0,7.0,SL,65882.7,2026-06-15T06:33:13.241105+00:00,2026-06-15T06:35:10.351253+00:00,-1,33,"Лонг согласуется с восходящим режимом; вход близко к пробитому уровню 65881.4, не выглядит поздним, R:R заявлен 3.0. Ближайшие указанные уровни не блокируют TP."
7657e685858144b9,2026-06-15T15:20:36.988570+00:00,1781536740000,BTC-USDT-SWAP,LONG,breakout_retest_long,TREND_UP,66659.4,66546.4,66998.2,3.0,7.0,TP,66659.4,2026-06-15T15:22:17.118445+00:00,2026-06-15T15:48:04.284953+00:00,3.0,96,"Сигнал допустим: сторона LONG соответствует TREND_UP, вход запланирован на ретесте пробитого сопротивления 66657.6, а не в явном импульсе. R:R 3.0 приемлемый, ближайший указанный уровень сопротивления уже находится в зоне входа и не блокирует TP."
a852ff9bbcf54ab1,2026-06-15T15:41:40.109770+00:00,1781538000000,BTC-USDT-SWAP,LONG,breakout_retest_long,TREND_UP,66758.1,66568.3,67327.4,3.0,7.0,SL,66758.1,2026-06-15T17:11:14.871985+00:00,2026-06-15T19:19:06.115779+00:00,-1,781,"Лонг соответствует восходящему режиму: цена выше EMA20/EMA50, пробой уровня 66755.2 с входом на ретесте выглядит не поздним, R:R около 3 достаточный. Ближайшее сопротивление не блокирует TP."
bb814a1b6c404627,2026-06-16T08:34:09.385025+00:00,1781598720000,BTC-USDT-SWAP,LONG,breakout_retest_long,TREND_UP,66539.9,66432.8,66861.2,3.0,7.0,TP,66539.9,2026-06-16T08:34:26.185680+00:00,2026-06-16T08:55:02.339135+00:00,3.0,75,"Лонг соответствует восходящему режиму; вход запланирован на ретест пробитого сопротивления 66537.9, не выглядит поздним относительно текущей цены. R:R 3.0 приемлемый, ближайшие указанные уровни не блокируют TP."
7f6fa3d7b76de516,2026-06-16T19:16:44.675679+00:00,1781637300000,BTC-USDT-SWAP,SHORT,breakdown_retest_short,TREND_DOWN,65615.0,65764.8,65165.4,3.0,7.0,SL,65615.0,2026-06-16T19:21:11.171183+00:00,2026-06-16T20:17:13.126458+00:00,-1,217,"Сетап допустим: шорт по ретесту пробитой поддержки около 65617.4 соответствует нисходящему режиму, цена ниже EMA, дисбаланс стакана медвежий, R:R около 3 приемлемый. Вход не выглядит поздним, так как планируется ретест зоны, а не продажа по текущей цене."
6470cdac18e8777f,2026-06-17T11:03:14.627569+00:00,1781694120000,BTC-USDT-SWAP,SHORT,breakdown_retest_short,TREND_DOWN,64722.4,64828.7,64403.5,3.0,7.0,SL,64722.4,2026-06-17T11:04:04.729120+00:00,2026-06-17T11:48:15.907700+00:00,-1,160,"Шорт соответствует нисходящему режиму: цена ниже EMA20/EMA50, есть пробой и вход почти на ретесте уровня 64724.4. R:R достаточный, вход не выглядит поздним, ближайшие указанные уровни не блокируют TP."
fd391924b09ebfb7,2026-06-18T04:04:16.514785+00:00,1781755380000,BTC-USDT-SWAP,SHORT,breakdown_retest_short,TREND_DOWN,64232.9,64313.0,63992.7,3.0,7.0,EXPIRED,,,2026-06-18T06:04:31.367523+00:00,0,431,"Шорт соответствует нисходящему режиму: цена ниже EMA20/EMA50, дисбаланс стакана отрицательный, вход рядом с зоной пробоя/ретеста 64234.4 и не выглядит запоздалым. R:R 3.0 приемлемый, ближайших указанных поддержек до TP нет."
9284bbcef33e1dbe,2026-06-18T14:14:15.940318+00:00,1781791920000,BTC-USDT-SWAP,SHORT,breakdown_retest_short,TREND_DOWN,63751.8,63949.3,63159.2,3.0,7.0,SL,63751.8,2026-06-18T14:14:32.536806+00:00,2026-06-18T14:18:09.180628+00:00,-1,14,"Шорт соответствует нисходящему режиму: цена ниже EMA20/EMA50, дисбаланс стакана отрицательный, вход рядом с зоной пробоя/ретеста 63756.5. R:R заявлен приемлемый, вход не выглядит запоздалым."
f75db0b5419cc6b6,2026-06-18T15:17:57.605459+00:00,1781795760000,BTC-USDT-SWAP,SHORT,breakdown_retest_short,TREND_DOWN,63521.3,63722.5,62917.7,3.0,7.0,EXPIRED,,,2026-06-18T17:18:03.865470+00:00,0,433,"SHORT соответствует нисходящему режиму: цена ниже EMA20/EMA50, дисбаланс стакана bearish, вход запланирован на ретест пробитой зоны 63525, а не по текущей цене. R:R 3.0 приемлемый, ближайшие указанные уровни не блокируют TP 62917.7."
0b69d0f59d2a15bd,2026-06-20T02:54:28.670978+00:00,1781923980000,BTC-USDT-SWAP,SHORT,breakdown_retest_short,RANGE,63331.6,63404.5,63112.8,3.0,7.0,SL,63331.6,2026-06-20T02:55:18.733545+00:00,2026-06-20T03:25:03.586573+00:00,-1,108,"Сетап допустим: вход запланирован на ретесте пробитой поддержки 63333 снизу, цена ниже EMA20/EMA50, дисбаланс стакана в пользу продавцов, R:R около 3. Ближайший указанный уровень 63333 уже находится над входом и не блокирует движение к TP."
dfc1882e74ef0183,2026-06-21T12:13:34.365565+00:00,1782043920000,BTC-USDT-SWAP,SHORT,breakdown_retest_short,RANGE,64079.7,64211.4,63684.8,3.0,7.0,SL,64079.7,2026-06-21T12:17:10.064075+00:00,2026-06-21T15:02:12.521935+00:00,-1,603,"Сетап выглядит допустимым: вход запланирован на ретесте пробитой поддержки, не по запоздалой цене; R:R около 3 приемлемый. Цена ниже EMA20/EMA50, дисбаланс стакана в пользу продавцов, что поддерживает SHORT. Режим RANGE снижает уверенность, но не является прямым противоречием для ретеста пробоя."
0c591533ccffdcf5,2026-06-21T12:36:31.395993+00:00,1782045300000,BTC-USDT-SWAP,SHORT,breakdown_retest_short,RANGE,63956.5,64033.1,63726.6,3.0,7.0,SL,63956.5,2026-06-21T12:38:11.174478+00:00,2026-06-21T12:43:10.317038+00:00,-1,23,"Сетап допустим только как вход на ретесте 63956.5: цена ниже EMA20/EMA50, RSI слабый, дисбаланс стакана в пользу продавцов, R:R приемлемый. В режиме RANGE риск ложного пробоя повышен, поэтому не входить по текущей цене ниже точки входа."
63a7fa0037ad495b,2026-06-22T04:51:45.376644+00:00,1782103800000,BTC-USDT-SWAP,LONG,breakout_retest_long,RANGE,64041.8,63921.5,64402.7,3.0,7.0,SL,64041.8,2026-06-22T04:52:18.763273+00:00,2026-06-22T06:53:08.123409+00:00,-1,435,"Вход не выглядит поздним: цена близко к заявленной зоне ретеста 64040. R:R достаточный, TP расположен ниже major_resistance 64436.0, явного блокирующего уровня до TP нет. Режим RANGE снижает качество пробоя, но не дает прямого противоречия LONG при цене выше EMA и положительном дисбалансе."
a0f39ab0bd1470b7,2026-06-22T05:43:01.755796+00:00,1782106860000,BTC-USDT-SWAP,LONG,breakout_retest_long,TREND_UP,64267.9,64181.3,64527.5,3.0,7.0,SL,64267.9,2026-06-22T05:43:18.414698+00:00,2026-06-22T05:51:04.676284+00:00,-1,29,"LONG соответствует восходящему режиму; вход рядом с зоной пробитого сопротивления 64266.0, R:R 3.0 приемлемый, TP не заблокирован указанными уровнями."
6e0b492de6ce67b0,2026-06-22T12:38:35.387765+00:00,1782131820000,BTC-USDT-SWAP,LONG,breakout_retest_long,TREND_UP,64973.2,64805.3,65476.9,3.0,7.0,TP,64973.2,2026-06-22T12:46:05.113343+00:00,2026-06-22T13:47:06.099052+00:00,3.0,243,"Лонг соответствует восходящему режиму: вход запланирован на ретесте пробитого сопротивления 64969.9, а не в импульсе. R:R 3.0 приемлемый, ближайшие указанные уровни не блокируют TP."
669e36dc444cea8b,2026-06-22T13:45:42.150442+00:00,1782135840000,BTC-USDT-SWAP,LONG,breakout_retest_long,TREND_UP,65345.4,65172.8,65863.1,3.0,7.0,SL,65345.4,2026-06-22T13:46:15.540266+00:00,2026-06-22T14:18:03.276688+00:00,-1,115,"LONG согласуется с TREND_UP: цена выше EMA20/EMA50, пробитая зона 65339.9 близко к entry 65345.4, R:R 3.0 приемлемый. Ближайшее указанное сопротивление уже пробито, уровней выше TP в данных нет. Актуально только при входе по заявленному ретесту, не в догон импульса."
653f7544a61f1f56,2026-06-23T08:13:27.723690+00:00,1782202320000,BTC-USDT-SWAP,SHORT,breakdown_retest_short,TREND_DOWN,62777.3,62854.4,62546.0,3.0,7.0,EXPIRED,,,2026-06-23T10:13:36.959235+00:00,0,430,"Шорт соответствует нисходящему режиму: цена ниже EMA20/EMA50, дисбаланс стакана отрицательный, вход запланирован на ретест пробитой поддержки 62780. R:R приемлемый, TP не блокируется указанными уровнями."
ed914bb1ad29edb4,2026-06-23T13:26:36.111653+00:00,1782221100000,BTC-USDT-SWAP,SHORT,breakdown_retest_short,TREND_DOWN,62042.5,62125.7,61792.9,3.0,7.0,SL,62042.5,2026-06-23T13:27:09.365587+00:00,2026-06-23T13:32:09.764943+00:00,-1,19,"SHORT согласуется с TREND_DOWN: цена ниже EMA20/EMA50, дисбаланс стакана отрицательный, вход близко к ретесту пробитой поддержки 62044.8 и не выглядит запоздалым. R:R 3.0 приемлемый, ближайшее указанное сопротивление выше SL, поддержек перед TP не указано."
2de421375b4c9e28,2026-06-23T16:51:20.898899+00:00,1782233400000,BTC-USDT-SWAP,SHORT,breakdown_retest_short,RANGE,62534.1,62619.0,62279.6,3.0,7.0,SL,62534.1,2026-06-23T16:59:06.766242+00:00,2026-06-23T17:29:14.568984+00:00,-1,133,"План допустим только как вход на ретесте зоны 62536 снизу: entry не выглядит поздним, R:R заявлен сильный, ближайшая поддержка не блокирует TP. Режим RANGE снижает уверенность, поэтому без входа по рынку ниже текущей цены."
4b23902c53e12821,2026-06-24T05:33:28.304988+00:00,1782279120000,BTC-USDT-SWAP,LONG,breakout_retest_long,TREND_UP,62863.5,62823.9,62982.4,3.0,7.0,TP,62863.5,2026-06-24T05:35:08.061400+00:00,2026-06-24T05:37:07.863067+00:00,3.0,10,"Лонг согласуется с режимом TREND_UP: цена удерживается выше EMA20/EMA50, пробитая зона 62862.0 используется как ретест для входа, R:R около 3.0 приемлемый. Вход не выглядит сильно запоздалым, так как цена недалеко от entry и в пределах ATR."
02664a14cd923bdb,2026-06-24T07:10:26.343166+00:00,1782284940000,BTC-USDT-SWAP,SHORT,breakdown_retest_short,RANGE,62698.9,62794.1,62413.3,3.0,7.6,SL,62698.9,2026-06-24T07:11:16.073406+00:00,2026-06-24T07:14:02.521013+00:00,-1,11,"Сигнал допустим: вход запланирован на ретесте пробитой поддержки 62701, текущая цена ниже entry, поэтому вход не выглядит запоздалым. R:R 3.0 приемлемый, цена ниже EMA20/EMA50, что поддерживает short. Режим RANGE снижает уверенность, но прямого противоречия стороне нет."
89d4781f7a2df113,2026-06-24T12:21:17.808470+00:00,1782303600000,BTC-USDT-SWAP,SHORT,breakdown_retest_short,RANGE,62772.6,62875.6,62463.6,3.0,7.0,SL,62772.6,2026-06-24T12:22:07.616967+00:00,2026-06-24T12:39:18.513284+00:00,-1,63,"Сетап допустим: вход запланирован на ретесте пробитой локальной поддержки 62775.4, цена не ушла далеко от entry, R:R около 3.0. TP не упирается в ближайшую поддержку, major_support ниже цели. Режим RANGE снижает надежность пробоя, поэтому вход только по ретесту и без догоняния цены."
53966218a2345e00,2026-06-24T15:31:51.061745+00:00,1782315000000,BTC-USDT-SWAP,SHORT,breakdown_retest_short,TREND_DOWN,60820.5,61061.0,60099.0,3.0,7.0,EXPIRED,,,2026-06-24T17:32:01.922998+00:00,0,434,"Сетап допустим: шорт соответствует нисходящему режиму, вход запланирован на ретесте пробитой поддержки 60825, R:R около 3 приемлемый. Цена сейчас ниже входа, поэтому вход не выглядит запоздалым при ожидании ретеста."
cd7a6a8b7e8b83f3,2026-06-25T17:37:28.031461+00:00,1782408960000,BTC-USDT-SWAP,LONG,breakout_retest_long,RANGE,59572.5,59451.8,59934.8,3.0,7.0,SL,59572.5,2026-06-25T17:38:17.963598+00:00,2026-06-25T17:46:03.613387+00:00,-1,29,"Сетап допустим только как вход на ретесте зоны 59568.9–59572.5, не по рынку выше текущей цены. R:R приемлемый, TP расположен ниже major resistance 60031.0, явного блокирующего уровня до TP нет. Режим RANGE снижает качество, но не полностью противоречит лонгу от пробитого локального сопротивления."
b82b092cf62e6ac2,2026-06-26T04:54:54.411792+00:00,1782449580000,BTC-USDT-SWAP,SHORT,breakdown_retest_short,RANGE,59856.8,59949.9,59577.4,3.0,7.0,SL,59856.8,2026-06-26T04:57:07.069229+00:00,2026-06-26T05:15:04.917221+00:00,-1,73,"Шорт допустим: вход запланирован на ретесте пробитой локальной поддержки 59858.8, текущая цена ниже входа, поэтому вход не выглядит запоздалым. R:R 3.0 приемлемый, импульс и стакан поддерживают сторону. Ближайшая указанная поддержка не блокирует TP."
e74771e044ec9135,2026-06-26T07:31:23.871347+00:00,1782459000000,BTC-USDT-SWAP,LONG,breakout_retest_long,TREND_UP,60584.1,60469.9,60926.8,3.0,7.0,SL,60584.1,2026-06-26T07:35:16.205759+00:00,2026-06-26T07:48:15.614682+00:00,-1,59,"Лонг согласуется с восходящим режимом: цена выше EMA, пробитая зона 60581 рядом с entry 60584.1 подходит для ретеста. R:R 3.0 приемлемый, указанных уровней сопротивления перед TP нет. Вход не по текущей цене, а только на ретесте entry."
373f73ade43d950e,2026-06-28T03:44:38.270572+00:00,1782618180000,BTC-USDT-SWAP,SHORT,breakdown_retest_short,RANGE,60158.3,60189.7,60064.2,3.0,7.0,SL,60158.3,2026-06-28T03:45:11.455842+00:00,2026-06-28T04:02:07.121535+00:00,-1,62,"Шорт допустим: вход почти на ретесте пробитой локальной поддержки 60159.2, цена ниже EMA, дисбаланс стакана в сторону продавцов, R:R около 3.0. TP не упирается в ближайшую поддержку, major_support ниже цели. Риск: режим RANGE и RSI перепродан, поэтому возможен отскок."
46ac84138e90cb07,2026-06-28T16:35:10.214741+00:00,1782664440000,BTC-USDT-SWAP,SHORT,breakdown_retest_short,TREND_DOWN,59631.0,59776.0,59196.2,3.0,7.0,SL,59631.0,2026-06-28T16:36:16.817386+00:00,2026-06-28T17:07:05.781655+00:00,-1,112,"Шорт согласуется с нисходящим режимом: цена ниже EMA20/EMA50, дисбаланс стакана отрицательный, вход запланирован на ретесте пробитой поддержки 59634 снизу. R:R заявлен сильный, TP не блокируется указанными уровнями поддержки ниже."
a78246f62d902f43,2026-06-29T08:32:48.710370+00:00,1782721860000,BTC-USDT-SWAP,SHORT,breakdown_retest_short,RANGE,59777.0,59896.0,59419.8,3.0,7.0,SL,59777.0,2026-06-29T08:33:05.321983+00:00,2026-06-29T08:48:18.717553+00:00,-1,56,"Шорт допустим: вход запланирован на ретесте пробитой поддержки 59780, цена ниже EMA20/EMA50, дисбаланс стакана и объем поддерживают давление вниз. R:R заявлен 3.0, ближайшие указанные уровни не блокируют TP 59419.8."
8a344a189c84fc7e,2026-06-29T19:52:30.415753+00:00,1782762660000,BTC-USDT-SWAP,LONG,breakout_retest_long,TREND_UP,60501.3,60351.5,60950.5,3.0,7.0,SL,60501.3,2026-06-29T19:54:10.574820+00:00,2026-06-29T20:19:14.519696+00:00,-1,95,"Лонг соответствует восходящему режиму: вход у зоны пробоя/ретеста 60498.9, R:R заявлен 3.0, ближайшее указанное сопротивление уже пройдено и не блокирует TP. Риск: RSI 1m перегрет, поэтому вход допустим только без догонки импульса."
daf25551ab655092,2026-06-30T00:24:50.027351+00:00,1782778980000,BTC-USDT-SWAP,SHORT,breakdown_retest_short,RANGE,60075.2,60214.7,59656.7,3.0,7.0,TP,60075.2,2026-06-30T00:25:06.751108+00:00,2026-06-30T03:47:04.130563+00:00,3.0,726,"Шорт допустим: вход близко к пробитой поддержке 60077.2, цена не ушла далеко от entry, R:R 3.0 достаточный. EMA выше цены и отрицательный дисбаланс стакана поддерживают сторону, хотя режим RANGE повышает риск ложного пробоя."
c5b921ad5450645c,2026-06-30T12:21:43.108860+00:00,1782822000000,BTC-USDT-SWAP,SHORT,breakdown_retest_short,TREND_DOWN,58964.4,59081.8,58612.3,3.0,7.0,SL,58964.4,2026-06-30T14:02:16.063868+00:00,2026-06-30T14:03:06.170173+00:00,-1,364,"Шорт согласуется с нисходящим режимом: цена ниже EMA20/EMA50, дисбаланс стакана отрицательный, повышенный объем поддерживает пробой. Вход запланирован на ретесте зоны 58966.9, не выглядит поздним; R:R около 3.0 приемлемый, ближайшие указанные уровни не блокируют TP."
9f01427a0151bfdd,2026-07-01T03:17:25.530173+00:00,1782875760000,BTC-USDT-SWAP,SHORT,breakdown_retest_short,RANGE,58957.5,59027.9,58746.5,3.0,7.0,SL,58957.5,2026-07-01T03:37:10.832402+00:00,2026-07-01T03:38:16.969038+00:00,-1,74,"Шорт допустим только от ретеста 58957.5: зона пробитой локальной поддержки рядом, цена ниже EMA, дисбаланс стакана в пользу продавцов, R:R достаточный. TP не упирается в указанные поддержки/сопротивления."
e0560a1affe19ec2,2026-07-01T13:46:16.244976+00:00,1782913500000,BTC-USDT-SWAP,LONG,breakout_retest_long,RANGE,59048.5,58772.7,59875.7,3.0,7.0,EXPIRED,,,2026-07-01T15:46:26.265015+00:00,0,431,"Вход близко к ретесту пробитого уровня 59042.6, R:R 3.0 приемлемый; ближайшее указанное сопротивление уже ниже entry. Режим RANGE требует осторожности, но прямого veto по стороне нет."
9688875ead6ffe63,2026-07-01T18:51:29.125523+00:00,1782931800000,BTC-USDT-SWAP,LONG,breakout_retest_long,TREND_UP,60234.2,60118.7,60580.6,3.0,7.0,SL,60234.2,2026-07-01T18:52:18.862618+00:00,2026-07-01T18:55:05.171844+00:00,-1,11,"Лонг соответствует восходящему режиму: цена удерживается выше EMA20/EMA50, пробитая зона сопротивления 60232.4 рядом с входом, вход не выглядит поздним, R:R заявлен 3.0. Ближайший указанный уровень сопротивления уже пробит и не блокирует TP."
ef790932b947f78a,2026-07-01T20:01:27.044672+00:00,1782936000000,BTC-USDT-SWAP,SHORT,breakdown_retest_short,RANGE,59997.7,60134.5,59587.4,3.0,7.0,SL,59997.7,2026-07-01T20:08:05.768996+00:00,2026-07-01T20:50:09.666505+00:00,-1,174,"План допустим только как вход на ретесте зоны 60000 снизу: цена ниже EMA20/EMA50, дисбаланс стакана отрицательный, объём повышен, R:R достаточный. Вход по текущей цене не одобряется, только заявленный ретест."
6542c60556ae99eb,2026-07-02T06:14:48.029358+00:00,1782972780000,BTC-USDT-SWAP,SHORT,breakdown_retest_short,RANGE,60401.3,60478.5,60169.6,3.0,7.0,SL,60401.3,2026-07-02T06:16:10.965282+00:00,2026-07-02T06:22:16.516734+00:00,-1,27,"Шорт допустим: вход расположен на ретесте пробитой поддержки 60402.8, цена не ушла далеко от entry, R:R 3.0 приемлемый. EMA и дисбаланс стакана поддерживают давление вниз, ближайший указанный уровень не блокирует TP."
22dc3b65866940f8,2026-07-02T13:06:25.882978+00:00,1782997500000,BTC-USDT-SWAP,LONG,breakout_retest_long,TREND_UP,61590.7,61469.0,61955.9,3.0,7.0,TP,61590.7,2026-07-02T13:08:05.826902+00:00,2026-07-02T13:35:02.569465+00:00,3.0,101,"Лонг соответствует восходящему режиму: вход запланирован на ретесте пробитого сопротивления 61587.9, а не вдогонку за импульсом. R:R 3.0 приемлемый, ближайшее указанное сопротивление уже в зоне пробоя и не блокирует TP."
ed3290ebe856cd9c,2026-07-02T14:14:27.769004+00:00,1783001580000,BTC-USDT-SWAP,LONG,breakout_retest_long,TREND_UP,62102.1,61819.7,62949.4,3.0,7.0,SL,62102.1,2026-07-02T14:15:17.768255+00:00,2026-07-02T14:20:04.210834+00:00,-1,17,"Лонг соответствует восходящему режиму: вход запланирован на ретест пробитого сопротивления 62097, текущая цена недалеко от entry, R:R заявлен сильный. Ближайшее указанное сопротивление уже является зоной пробоя и не блокирует TP."
563d840df46c2987,2026-07-02T14:42:22.130242+00:00,1783003260000,BTC-USDT-SWAP,SHORT,breakdown_retest_short,RANGE,61463.7,61727.9,60671.1,3.0,7.0,SL,61463.7,2026-07-02T14:43:11.962977+00:00,2026-07-02T14:52:03.615220+00:00,-1,33,"Шорт допустим только как вход на ретесте 61463.7 снизу, без погони за текущей ценой. R:R сильный, цена ниже EMA20/EMA50, дисбаланс стакана в пользу продавцов; режим RANGE снижает качество, но не противоречит напрямую."
88225ebc7cd679ad,2026-07-04T02:11:10.048580+00:00,1783131000000,BTC-USDT-SWAP,LONG,breakout_retest_long,RANGE,62511.5,62453.8,62684.5,3.0,7.0,SL,62511.5,2026-07-04T02:15:03.330089+00:00,2026-07-04T02:19:13.319732+00:00,-1,26,"Сигнал допустим: вход рядом с ретестом пробитого локального сопротивления 62510.3, текущая цена не выглядит сильно ушедшей от входа, R:R 3.0 приемлемый, TP не упирается в ближайшее major resistance 62790.0."
63cc86355908d9fa,2026-07-04T16:40:15.299657+00:00,1783183140000,BTC-USDT-SWAP,LONG,breakout_retest_long,TREND_UP,62906.3,62865.5,63028.6,3.0,7.0,SL,62906.3,2026-07-04T16:41:05.214322+00:00,2026-07-04T16:46:04.657454+00:00,-1,19,"Лонг соответствует восходящему режиму: вход запланирован на ретесте пробитого локального сопротивления 62905.0, R:R заявлен сильный, TP ниже major resistance 63067.0 и не упирается в ближайший уровень. Цена не выглядит сильно ушедшей от входа."
dc4489a5790ac211,2026-07-04T19:01:13.018737+00:00,1783191600000,BTC-USDT-SWAP,LONG,breakout_retest_long,TREND_UP,63158.8,63115.5,63288.9,3.0,7.0,SL,63158.8,2026-07-04T19:14:14.472286+00:00,2026-07-04T19:14:14.472317+00:00,-1,45,"Лонг соответствует восходящему режиму: вход у зоны пробитого локального сопротивления 63157.5, текущая цена недалеко от entry, R:R около 3.0. TP ниже major resistance 63450.0, явного блока перед целью нет."
26e8c166e272d34b,2026-07-05T11:16:47.216583+00:00,1783250100000,BTC-USDT-SWAP,SHORT,breakdown_retest_short,TREND_DOWN,62643.8,62688.3,62510.2,3.0,7.0,SL,62643.8,2026-07-05T11:22:02.863694+00:00,2026-07-05T11:34:14.967545+00:00,-1,63,"Шорт соответствует нисходящему режиму: цена ниже EMA, дисбаланс стакана отрицательный, вход запланирован на ретест пробитой локальной поддержки 62645. R:R приемлемый, ближайшая значимая поддержка ниже TP и не блокирует цель."
7fd1ea0f3adea379,2026-07-06T11:17:38.298930+00:00,1783336560000,BTC-USDT-SWAP,SHORT,breakdown_retest_short,TREND_DOWN,62769.6,62810.2,62647.8,3.0,7.0,SL,62769.6,2026-07-06T11:18:11.579055+00:00,2026-07-06T11:20:08.062195+00:00,-1,8,"Шорт соответствует нисходящему режиму: цена ниже EMA20/EMA50, RSI слабый, дисбаланс стакана отрицательный. Вход находится рядом с пробитой локальной поддержкой 62770.5, не выглядит поздним. R:R около 3.0 приемлемый, TP выше major support 62600.5 и не упирается в ближайшую поддержку."
b56e01a3cf0dbe4e,2026-07-07T07:26:12.308128+00:00,1783409040000,BTC-USDT-SWAP,SHORT,breakdown_retest_short,RANGE,63274.7,63368.4,62993.4,3.0,7.0,EXPIRED,,,2026-07-07T09:26:20.667910+00:00,0,433,"Шорт допустим только как вход на ретесте 63274.7: цена ниже локальной поддержки 63276.3, импульс и стакан умеренно медвежьи, R:R 3.0. TP расположен выше major_support 62961.1, явного блока до цели нет. Режим RANGE снижает надежность, но не противоречит короткой сделке от пробитого уровня."
541e5cd341bff6a9,2026-07-08T05:45:42.173759+00:00,1783489440000,BTC-USDT-SWAP,SHORT,breakdown_retest_short,TREND_DOWN,62598.2,62716.0,62244.7,3.0,7.0,SL,62598.2,2026-07-08T05:46:15.561419+00:00,2026-07-08T06:53:04.840086+00:00,-1,240,"Шорт соответствует нисходящему режиму: цена ниже EMA20/EMA50, дисбаланс стакана отрицательный, вход близко к зоне ретеста 62600 и не выглядит запоздалым. R:R заявлен сильный, SL выше зоны ретеста, TP не упирается в указанные уровни поддержки/сопротивления."
7d824de8508cdb4d,2026-07-08T06:22:20.323840+00:00,1783491660000,BTC-USDT-SWAP,SHORT,breakdown_retest_short,TREND_DOWN,62524.3,62613.3,62257.2,3.0,7.0,SL,62524.3,2026-07-08T06:23:10.557080+00:00,2026-07-08T06:25:07.993477+00:00,-1,8,"Шорт соответствует нисходящему режиму: цена ниже EMA20/EMA50, дисбаланс стакана отрицательный, вход запланирован на ретест пробитой поддержки 62525.9 снизу. R:R приемлемый, ближайшие указанные уровни не блокируют TP."
2ae1940f0e40a084,2026-07-09T11:35:04.264598+00:00,1783596780000,BTC-USDT-SWAP,SHORT,breakdown_retest_short,RANGE,62633.5,62710.5,62402.6,3.0,7.0,SL,62633.5,2026-07-09T11:35:21.181052+00:00,2026-07-09T11:53:08.426999+00:00,-1,64,"Сигнал допустим: вход запланирован на ретесте пробитой поддержки 62635.4, цена рядом с entry и не выглядит поздней. R:R 3.0 приемлемый, short поддержан ценой ниже EMA20/EMA50, отрицательным дисбалансом стакана и повышенным объемом. Ближайшие указанные сопротивления выше SL, явного уровня поддержки перед TP не указано."
4f894580e6796cd0,2026-07-09T13:52:22.922828+00:00,1783605060000,BTC-USDT-SWAP,LONG,breakout_retest_long,TREND_UP,62959.6,62777.5,63505.9,3.0,7.0,SL,62959.6,2026-07-09T13:53:13.430919+00:00,2026-07-09T14:16:18.176447+00:00,-1,83,"Лонг согласуется с режимом TREND_UP; вход рядом с пробитым сопротивлением 62955.3 и не выглядит запоздалым, R:R 3.0 приемлемый. Ближайший указанный уровень сопротивления уже пройден и не блокирует TP."
f25ff3fa9c66366e,2026-07-09T16:18:23.510499+00:00,1783613820000,BTC-USDT-SWAP,SHORT,breakdown_retest_short,RANGE,62780.3,62864.3,62528.5,3.0,7.0,SL,62780.3,2026-07-09T16:19:14.110029+00:00,2026-07-09T17:38:10.835256+00:00,-1,280,"Сигнал допустим: вход запланирован на ретесте пробитой зоны поддержки, текущая цена ниже entry, поэтому вход не выглядит поздним при ожидании ретеста. R:R приемлемый, EMA и дисбаланс стакана поддерживают short; режим RANGE требует осторожности из-за риска ложного пробоя."
92a7fa2419815504,2026-07-10T22:05:24.760447+00:00,1783721040000,BTC-USDT-SWAP,SHORT,breakdown_retest_short,RANGE,63961.9,64021.9,63782.1,3.0,8.0,SL,63961.9,2026-07-10T22:06:14.819898+00:00,2026-07-10T22:11:18.474312+00:00,-1,18,"Вход близко к зоне пробоя/ретеста, цена не ушла далеко от entry, R:R около 3 приемлемый. Режим RANGE требует осторожности, но краткосрочные признаки не противоречат шорту: цена ниже EMA, дисбаланс стакана отрицательный, объём повышен. Ближайшая поддержка не блокирует TP."
cd6624c8995f3627,2026-07-12T02:11:25.006736+00:00,1783822200000,BTC-USDT-SWAP,SHORT,breakdown_retest_short,RANGE,64023.9,64086.1,63837.3,3.0,7.0,SL,64023.9,2026-07-12T02:15:02.872840+00:00,2026-07-12T02:22:02.977326+00:00,-1,36,"Шорт допустим: вход близко к пробитой локальной поддержке 64025.1, не выглядит поздним; R:R 3.0 приемлемый. Цена ниже EMA20/EMA50, дисбаланс стакана в пользу продавцов. Ближайшая крупная поддержка 63666.0 не блокирует TP 63837.3."
0257fba387519839,2026-07-13T06:13:12.259315+00:00,1783923120000,BTC-USDT-SWAP,SHORT,breakdown_retest_short,RANGE,62728.6,62820.3,62453.6,3.0,7.0,SL,62728.6,2026-07-13T06:16:15.019832+00:00,2026-07-13T06:31:17.069828+00:00,-1,62,"Шорт по ретесту пробитой локальной поддержки выглядит допустимо: вход не поздний, цена ниже EMA, дисбаланс стакана отрицательный, R:R достаточный. TP расположен перед major_support, поэтому ближайшая поддержка не блокирует цель."
7f3b3379f9275dfe,2026-07-13T12:09:18.640276+00:00,1783944480000,BTC-USDT-SWAP,SHORT,breakdown_retest_short,TREND_DOWN,62848.5,62956.9,62523.3,3.0,7.0,TP,62848.5,2026-07-13T12:11:14.920514+00:00,2026-07-13T13:11:06.364862+00:00,3.0,219,"SHORT согласуется с TREND_DOWN: цена ниже EMA20/EMA50, дисбаланс стакана отрицательный, вход запланирован на ретесте 62850 снизу, а не погоня за текущей ценой. R:R приемлемый. Риск: зона 62830/62850 близко, нужен именно отбой на ретесте, без подтверждения вход ухудшается."
2c49fb5ba8e62c97,2026-07-13T12:31:05.282547+00:00,1783945740000,BTC-USDT-SWAP,SHORT,breakdown_retest_short,TREND_DOWN,62732.9,62840.6,62409.8,3.0,7.0,TP,62732.9,2026-07-13T12:31:21.917836+00:00,2026-07-13T13:21:04.223589+00:00,3.0,177,"Шорт соответствует нисходящему режиму: цена ниже EMA20/EMA50, дисбаланс стакана отрицательный, вход почти по текущей цене и не выглядит поздним. R:R около 3.0 приемлемый, TP не блокируется указанными уровнями."
87ddff6476431c9d,2026-07-14T00:11:23.316190+00:00,1783987800000,BTC-USDT-SWAP,LONG,breakout_retest_long,RANGE,62351.8,62235.7,62700.1,3.0,7.0,TP,62351.8,2026-07-14T00:12:13.827710+00:00,2026-07-14T04:34:08.215286+00:00,3.0,936,"Вход не выглядит запоздалым: цена рядом с зоной ретеста 62349.6, R:R приемлемый, ближайшее указанное сопротивление уже пробито и не блокирует TP. Режим RANGE снижает надежность breakout-сценария, но прямого противоречия long нет."
31257cdadf30d50b,2026-07-14T20:24:33.823212+00:00,1784060580000,BTC-USDT-SWAP,SHORT,breakdown_retest_short,RANGE,64436.4,64493.7,64264.7,3.0,7.0,SL,64436.4,2026-07-14T20:25:07.215594+00:00,2026-07-14T20:48:11.574163+00:00,-1,84,"Сетап выглядит допустимым: вход почти у ретеста пробитой поддержки 64437.3, цена ниже EMA20/EMA50, дисбаланс стакана в пользу продавцов, R:R заявлен 3.0. Режим RANGE снижает уверенность, но не противоречит напрямую шорту при пробое уровня."
ef29ca41f12cb656,2026-07-16T22:54:14.452520+00:00,1784242320000,BTC-USDT-SWAP,SHORT,breakdown_retest_short,TREND_DOWN,63984.6,64057.7,63765.3,3.0,7.0,EXPIRED,,,2026-07-17T00:54:26.461888+00:00,0,432,"Шорт соответствует нисходящему режиму: вход запланирован на ретесте пробитой поддержки около 63986, R:R заявлен сильный, ближайшие указанные сопротивления не мешают сценарию. Вход не выглядит погоней, если исполнять только на ретесте, а не по текущей цене."
34f27478d39bebbf,2026-07-17T06:18:31.073464+00:00,1784268960000,BTC-USDT-SWAP,SHORT,breakdown_retest_short,TREND_DOWN,62726.9,62906.3,62188.6,3.0,7.0,SL,62726.9,2026-07-17T06:20:10.811182+00:00,2026-07-17T06:30:09.376202+00:00,-1,42,"Сетап соответствует нисходящему режиму: цена ниже EMA20/EMA50, дисбаланс стакана отрицательный, вход близко к зоне ретеста 62730 и не выглядит сильно запоздалым. R:R заявлен 3.0, ближайших указанных поддержек ниже входа, блокирующих TP, нет."
44f2a8b8f251c202,2026-07-17T15:06:24.905120+00:00,1784300700000,BTC-USDT-SWAP,SHORT,breakdown_retest_short,RANGE,63072.3,63226.0,62611.2,3.0,7.0,SL,63072.3,2026-07-17T15:23:06.677497+00:00,2026-07-17T15:30:06.373848+00:00,-1,82,"Сигнал допустим только как вход на ретесте зоны 63075.3 снизу: цена уже ниже entry, поэтому не догонять рынком. R:R заявлен сильный, TP расположен выше major_support 62510.0, явного блока перед целью нет. Режим RANGE снижает качество, но не противоречит короткой сделке от пробитой локальной поддержки."
0a8dca203029a7e6,2026-07-18T18:24:40.994423+00:00,1784398980000,BTC-USDT-SWAP,LONG,breakout_retest_long,TREND_UP,64497.0,64421.5,64723.4,3.0,7.0,TP,64497.0,2026-07-18T18:25:13.927183+00:00,2026-07-18T21:15:07.866650+00:00,3.0,617,"Лонг соответствует восходящему режиму: вход запланирован на ретест пробитого сопротивления 64495.7, текущая цена недалеко от entry, R:R 3.0 приемлемый. Ближайших указанных сопротивлений выше TP нет."
bedb52a85c463b82,2026-07-19T15:29:30.393293+00:00,1784474880000,BTC-USDT-SWAP,SHORT,breakdown_retest_short,RANGE,64492.1,64519.3,64410.4,3.0,7.0,SL,64492.1,2026-07-19T15:32:16.220661+00:00,2026-07-19T15:38:03.924688+00:00,-1,30,"Сигнал допустим: вход запланирован на ретесте пробитой локальной поддержки, R:R около 3 приемлемый, TP не упирается в ближайшую major support. Но режим RANGE и перепроданный RSI повышают риск ложного пробоя."
0498cb326b50d19b,2026-07-19T19:46:30.847807+00:00,1784490300000,BTC-USDT-SWAP,SHORT,breakdown_retest_short,TREND_DOWN,64379.3,64418.8,64260.6,3.0,7.0,SL,64379.3,2026-07-19T19:48:10.314976+00:00,2026-07-19T19:59:14.624215+00:00,-1,45,"Шорт согласуется с нисходящим режимом: цена ниже EMA20/EMA50, RSI слабый, дисбаланс стакана отрицательный. Вход близко к пробитой локальной поддержке 64380 как ретест, не выглядит запоздалым; R:R около 3 приемлемый. TP расположен выше major_support 64242, поэтому ближайшая поддержка не блокирует цель."
7c73fbdce89b0c31,2026-07-20T20:13:33.040006+00:00,1784578320000,BTC-USDT-SWAP,LONG,breakout_retest_long,RANGE,65152.0,65038.1,65493.6,3.0,7.0,TP,65152.0,2026-07-20T22:03:09.916146+00:00,2026-07-21T00:43:13.323151+00:00,3.0,978,"Сигнал допустим: вход запланирован на ретесте пробитого локального сопротивления 65150, R:R заявлен 3.0, TP расположен ниже major_resistance 65515.8. Важно не входить по текущей цене, а ждать возврата к зоне входа."
df57155c50a279cf,2026-07-21T01:10:09.233704+00:00,1784596140000,BTC-USDT-SWAP,LONG,breakout_retest_long,TREND_UP,65591.0,65442.2,66037.2,3.0,7.0,SL,65591.0,2026-07-21T01:11:15.228958+00:00,2026-07-21T01:19:13.825016+00:00,-1,30,"Лонг согласуется с TREND_UP: вход запланирован на ретест пробитого сопротивления 65588.9, цена не ушла далеко от entry, R:R заявлен 3.0. Ближайшие указанные уровни не блокируют TP."
6586b5040439a49b,2026-07-21T07:50:30.496292+00:00,1784620140000,BTC-USDT-SWAP,LONG,breakout_retest_long,TREND_UP,66158.1,65983.0,66683.5,3.0,7.0,TP,66158.1,2026-07-21T07:51:03.563645+00:00,2026-07-21T13:52:16.966342+00:00,3.0,1306,"Лонг согласуется с восходящим режимом: вход запланирован рядом с ретестом пробитого сопротивления 66155, текущая цена не ушла далеко от entry. R:R 3.0 приемлемый, явного указанного сопротивления между entry и TP нет."
91b58809ea2f016f,2026-07-21T08:21:11.074806+00:00,1784622000000,BTC-USDT-SWAP,LONG,breakout_retest_long,TREND_UP,66264.9,66125.8,66682.2,3.0,7.0,SL,66264.9,2026-07-21T08:23:06.726986+00:00,2026-07-21T09:12:16.027945+00:00,-1,181,"Лонг соответствует восходящему режиму: вход находится у пробитого сопротивления 66262.9 и не выглядит поздним относительно текущей цены. R:R приемлемый, явного ближайшего сопротивления до TP не указано."
bdf1580196e02973,2026-07-21T18:44:17.945861+00:00,1784659380000,BTC-USDT-SWAP,LONG,breakout_retest_long,RANGE,66282.0,66213.7,66486.8,3.0,7.0,SL,66282.0,2026-07-21T18:45:07.623792+00:00,2026-07-21T22:20:05.174015+00:00,-1,781,"Сигнал допустим: вход близко к цене и зоне пробитого локального сопротивления 66280.0, R:R заявлен сильный, TP ниже major_resistance 66523.3 и не упирается в него напрямую. Режим RANGE повышает риск ложного пробоя, но явного противоречия стороне LONG нет."
647917bc63b49b5f,2026-07-22T05:43:43.646308+00:00,1784698920000,BTC-USDT-SWAP,SHORT,breakdown_retest_short,TREND_DOWN,65956.7,66088.7,65560.6,3.0,7.0,SL,65956.7,2026-07-22T05:45:06.171515+00:00,2026-07-22T08:23:11.279982+00:00,-1,575,"SHORT согласуется с режимом TREND_DOWN: цена ниже EMA20/EMA50, дисбаланс стакана отрицательный, вход запланирован на ретесте пробитой поддержки 65958.6 снизу. R:R 3.0 приемлемый, ближайшие указанные уровни не блокируют TP."
3f296699653eddc0,2026-07-22T06:08:56.753052+00:00,1784700420000,BTC-USDT-SWAP,SHORT,breakdown_retest_short,TREND_DOWN,65903.5,65996.8,65623.5,3.0,7.0,SL,65903.5,2026-07-22T06:09:13.365465+00:00,2026-07-22T08:06:05.824445+00:00,-1,424,"Шорт согласуется с нисходящим режимом: цена ниже EMA20/EMA50, дисбаланс стакана отрицательный, вход запланирован на ретесте пробитой зоны около 65905. R:R приемлемый, TP не блокируется указанными уровнями."
6c6fd4c91a8621b4,2026-07-22T11:16:14.135009+00:00,1784718900000,BTC-USDT-SWAP,SHORT,breakdown_retest_short,RANGE,65985.8,66033.3,65843.3,3.0,7.0,SL,65985.8,2026-07-22T11:21:11.974283+00:00,2026-07-22T11:23:07.919398+00:00,-1,23,"Идея допустима только как вход на ретесте 65985.8, не по текущей цене. R:R 3.0 нормальный, цена ниже EMA, RSI слабый, дисбаланс стакана в пользу шорта. TP расположен выше major_support 65814, ближайшая поддержка не блокирует цель."
021f552d65a9baa2,2026-07-23T00:23:52.474452+00:00,1784766120000,BTC-USDT-SWAP,LONG,breakout_retest_long,TREND_UP,66223.9,66121.8,66530.0,3.0,7.0,SL,66223.9,2026-07-23T00:24:08.962874+00:00,2026-07-23T00:45:03.461612+00:00,-1,77,"Лонг соответствует восходящему режиму: цена выше EMA, импульс подтверждён объёмом и дисбалансом стакана. Вход у зоны пробитого сопротивления 66222 выглядит как ретест, R:R заявлен достаточный. Важно не догонять цену выше плана входа."
fd338bcfa0cfa939,2026-07-23T12:02:40.677971+00:00,1784808060000,BTC-USDT-SWAP,SHORT,breakdown_retest_short,TREND_DOWN,65506.9,65565.4,65331.2,3.0,7.0,TP,65506.9,2026-07-23T12:03:13.860430+00:00,2026-07-23T12:32:07.930440+00:00,3.0,105,"Шорт согласуется с нисходящим режимом: цена ниже EMA20/EMA50, дисбаланс стакана отрицательный, вход запланирован на ретесте пробитой зоны 65508. R:R приемлемый, текущая цена близко к entry — вход не выглядит поздним. Ближайший указанный уровень 65508 уже в зоне ретеста и не блокирует TP."
fb5cb6018de68e1b,2026-07-23T12:31:34.729668+00:00,1784809800000,BTC-USDT-SWAP,SHORT,breakdown_retest_short,TREND_DOWN,65364.2,65477.7,65023.6,3.0,7.0,TP,65364.2,2026-07-23T12:33:14.522220+00:00,2026-07-23T12:47:17.878960+00:00,3.0,56,"Шорт соответствует нисходящему режиму: вход запланирован на ретесте пробитой поддержки 65366 снизу, R:R приемлемый, ближайшие указанные уровни не блокируют TP."
aaa5dc8b3cd2f64b,2026-07-23T15:12:41.036855+00:00,1784819460000,BTC-USDT-SWAP,SHORT,breakdown_retest_short,TREND_DOWN,64760.5,64878.3,64407.1,3.0,7.0,SL,64760.5,2026-07-23T15:16:17.863566+00:00,2026-07-23T15:23:12.070313+00:00,-1,37,"SHORT соответствует нисходящему режиму: цена ниже EMA20/EMA50, дисбаланс стакана отрицательный, вход запланирован на ретесте пробитой поддержки 64762.7. R:R приемлемый, TP не блокируется указанными уровнями."
94f5a9a9106a5967,2026-07-24T12:27:25.049042+00:00,1784895960000,BTC-USDT-SWAP,LONG,breakout_retest_long,RANGE,65073.1,64987.0,65331.3,3.0,7.0,SL,65073.1,2026-07-24T12:28:14.653613+00:00,2026-07-24T12:30:10.411731+00:00,-1,8,"План приемлем: вход задан на ретесте пробитого сопротивления 65071.7, а не в импульс; цена недалеко от entry, R:R достаточный, SL ниже локальной зоны, явного сопротивления до TP по данным уровней нет. Но режим RANGE требует осторожности и подтверждения удержания выше 65071.7."
35741d53607b2617,2026-07-24T18:29:37.393666+00:00,1784917680000,BTC-USDT-SWAP,SHORT,breakdown_retest_short,RANGE,64099.5,64135.8,63990.6,3.0,7.0,SL,64099.5,2026-07-24T18:30:10.525659+00:00,2026-07-24T18:33:12.326440+00:00,-1,12,"SHORT допустим: вход рядом с пробитой локальной поддержкой 64100.5, R:R около 3 достаточный, цена ниже EMA20/EMA50, дисбаланс стакана в пользу продавцов. Ближайшая указанная поддержка 63855.1 не блокирует TP 63990.6."
054162fdde07909d,2026-07-26T23:08:10.537116+00:00,1785107220000,BTC-USDT-SWAP,LONG,breakout_retest_long,TREND_UP,65481.9,65354.2,65865.2,3.0,7.0,SL,65481.9,2026-07-26T23:09:16.355606+00:00,2026-07-26T23:20:14.565791+00:00,-1,41,"Лонг не противоречит режиму TREND_UP: цена выше EMA20/EMA50, RSI умеренный, вход почти на ретесте пробитого уровня 65480 и не выглядит поздним. R:R 3.0 приемлемый, известных уровней сопротивления между входом и TP не указано."
7726b7e097ca90fc,2026-07-27T22:01:17.727610+00:00,1785189600000,BTC-USDT-SWAP,SHORT,breakdown_retest_short,TREND_DOWN,64768.6,64847.6,64531.8,3.0,7.0,EXPIRED,,,2026-07-28T00:01:30.365876+00:00,0,435,"Сетап допустим: SHORT соответствует нисходящему режиму, вход запланирован на ретесте пробитой поддержки, R:R 3.0 приемлемый. Ближайшие уровни не блокируют TP."
898d5681e347daa6,2026-07-29T16:42:37.899483+00:00,1785343260000,BTC-USDT-SWAP,SHORT,breakdown_retest_short,TREND_DOWN,63817.4,63985.1,63314.3,3.0,7.0,SL,63817.4,2026-07-29T16:43:10.871829+00:00,2026-07-29T17:51:10.326038+00:00,-1,248,"Сетап соответствует нисходящему режиму: цена ниже EMA20/EMA50, дисбаланс стакана отрицательный, вход запланирован на ретест пробитой поддержки 63820 снизу. R:R достаточный, ближайшие указанные уровни не блокируют TP."
24af5639778b6910,2026-07-30T09:13:31.978808+00:00,1785402720000,BTC-USDT-SWAP,LONG,breakout_retest_long,TREND_UP,64329.4,64252.5,64560.2,3.0,7.0,EXPIRED,,,2026-07-30T11:13:44.474216+00:00,0,435,"Лонг соответствует восходящему режиму: цена удерживается выше EMA20/EMA50, пробой уровня 64328.2 подтверждён, вход близко к ретест-зоне и не выглядит запоздалым. R:R приемлемый, явных уровней сопротивления перед TP не указано."
fa49a408a464bd36,2026-07-31T00:52:36.303056+00:00,1785459060000,BTC-USDT-SWAP,SHORT,breakdown_retest_short,RANGE,64706.4,64793.4,64445.3,3.0,7.0,SL,64706.4,2026-07-31T00:56:10.727261+00:00,2026-07-31T01:01:07.417555+00:00,-1,30,"SHORT допустим: цена ниже EMA20/EMA50, дисбаланс стакана отрицательный, объём повышен; вход запланирован на ретесте пробитой поддержки, R:R заявлен 3.0. Ближайшие указанные уровни не блокируют TP."
890ff190691e1a8e,2026-07-31T09:22:29.981462+00:00,1785489660000,BTC-USDT-SWAP,SHORT,breakdown_retest_short,TREND_DOWN,63691.5,63778.2,63431.2,3.0,7.0,SL,63691.5,2026-07-31T09:31:01.818997+00:00,2026-07-31T10:26:09.569159+00:00,-1,230,"Шорт согласуется с нисходящим режимом: цена ниже EMA20/EMA50, дисбаланс стакана медвежий, вход запланирован на ретесте пробитой поддержки 63693.0. R:R около 3.0 приемлемый, ближайших указанных поддержек между входом и TP нет."
fdb2061f64f5fbb6,2026-07-31T13:42:10.114410+00:00,1785505260000,BTC-USDT-SWAP,SHORT,breakdown_retest_short,TREND_DOWN,63495.4,63764.4,62688.4,3.0,7.0,TP,63495.4,2026-07-31T13:43:16.115721+00:00,2026-07-31T14:07:12.069145+00:00,3.0,87,"Шорт соответствует нисходящему режиму: вход у ретеста пробитой поддержки 63500.1, цена не ушла далеко от entry, R:R 3.0 приемлемый. Ближайшее сопротивление выше, явного уровня поддержки перед TP не указано."
5018cb777262abbd,2026-07-31T14:03:20.687995+00:00,1785506520000,BTC-USDT-SWAP,SHORT,breakdown_retest_short,TREND_DOWN,63205.6,63316.4,62873.1,3.0,7.0,TP,63205.6,2026-07-31T14:04:10.229339+00:00,2026-07-31T14:07:12.069239+00:00,3.0,12,"Шорт допустим: режим TREND_DOWN, цена ниже EMA20/EMA50, дисбаланс стакана отрицательный. Вход рядом с ретестом пробитой зоны 63209, R:R около 3.0, ближайшее указанное сопротивление далеко и не мешает плану."
a50a667269dce09e,2026-08-02T11:54:38.263237+00:00,1785671580000,BTC-USDT-SWAP,SHORT,breakdown_retest_short,RANGE,63058.2,63143.0,62803.6,3.0,7.0,SL,63058.2,2026-08-02T12:01:14.865397+00:00,2026-08-02T12:15:17.280417+00:00,-1,74,"Сетап допустим: вход запланирован на ретесте пробитой поддержки 63060, цена ниже EMA20/EMA50, дисбаланс стакана отрицательный, R:R заявлен 3.0. Ближайшие указанные уровни не блокируют TP."
f4fbba40e4ed98df,2026-08-03T03:32:09.844299+00:00,1785727860000,BTC-USDT-SWAP,SHORT,breakdown_retest_short,TREND_DOWN,63035.0,63058.4,62964.7,3.0,7.0,SL,63035.0,2026-08-03T03:33:15.921803+00:00,2026-08-03T03:35:11.704447+00:00,-1,8,"SHORT соответствует нисходящему режиму; вход запланирован на ретесте пробитой зоны, текущая цена ниже entry, поэтому вход не выглядит запоздалым. R:R 3.0 приемлемый, явного уровня между entry и TP, блокирующего цель, не указано."
8f067b9537c72b74,2026-08-03T10:29:23.885735+00:00,1785752880000,BTC-USDT-SWAP,SHORT,breakdown_retest_short,RANGE,62726.7,62809.6,62478.0,3.0,7.0,TP,62726.7,2026-08-03T10:58:08.563738+00:00,2026-08-03T12:07:08.971285+00:00,3.0,351,"Сетап допустим: вход запланирован на ретест локальной поддержки 62727.7 снизу, текущая цена ниже входа, поэтому вход не выглядит поздним. R:R заявлен 3.0, режим RANGE не усиливает идею, но не противоречит шорту при пробое. TP 62478.0 не блокируется ближайшей указанной поддержкой 62404.1."
e42a70d87b1244a6,2026-08-03T12:06:19.206996+00:00,1785758700000,BTC-USDT-SWAP,SHORT,breakdown_retest_short,TREND_DOWN,62501.2,62581.3,62260.9,3.0,7.0,SL,62501.2,2026-08-03T12:13:14.017109+00:00,2026-08-03T12:20:09.171656+00:00,-1,48,"Шорт соответствует нисходящему режиму: цена ниже EMA20/EMA50, дисбаланс стакана сильно в пользу продавцов, вход запланирован на ретесте пробитой поддержки 62503.2. R:R приемлемый, ближайшие указанные уровни не блокируют TP."
05ccea3f6dcd58be,2026-08-04T06:19:26.191426+00:00,1785824280000,BTC-USDT-SWAP,LONG,breakout_retest_long,RANGE,63820.9,63758.2,64009.2,3.0,7.0,SL,63820.9,2026-08-04T06:20:15.969676+00:00,2026-08-04T06:28:15.770902+00:00,-1,30,"Лонг допустим: вход близко к зоне ретеста 63820.0 и не выглядит поздним, R:R 3.0 приемлемый, TP 64009.2 не упирается в ближайшее указанное сопротивление 64249.1. Режим RANGE снижает уверенность, но сам по себе не запрещает сделку при ретесте пробитого локального уровня."
8423c1d649fc1b71,2026-08-05T03:53:05.830478+00:00,1785901860000,BTC-USDT-SWAP,LONG,breakout_retest_long,RANGE,64149.8,64098.4,64304.1,3.0,7.0,SL,64149.8,2026-08-05T03:53:22.751149+00:00,2026-08-05T04:15:06.386900+00:00,-1,78,"Сигнал допустим: вход не выглядит поздним, R:R заявлен сильный, TP не упирается в ближайшее крупное сопротивление. Режим RANGE снижает качество пробоя, поэтому нужен фактический ретест/закрепление над локальным сопротивлением."
0ae78151c259de52,2026-08-05T04:15:17.698102+00:00,1785903240000,BTC-USDT-SWAP,SHORT,breakdown_retest_short,RANGE,64102.8,64126.2,64032.4,3.0,7.0,SL,64102.8,2026-08-05T04:20:05.442743+00:00,2026-08-05T04:20:05.442818+00:00,-1,15,"Шорт допустим только как вход на ретесте 64102.8: цена ниже EMA, дисбаланс стакана в пользу продавцов, R:R около 3. TP стоит выше major_support, поэтому поддержка не блокирует цель. Учитывать, что режим RANGE и RSI перепродан — не входить по рынку ниже текущей цены."
80f2eab1545f4876,2026-08-05T19:55:38.918420+00:00,1785959640000,BTC-USDT-SWAP,LONG,breakout_retest_long,TREND_UP,64890.8,64840.6,65041.6,3.0,7.0,SL,64890.8,2026-08-05T19:56:12.832222+00:00,2026-08-05T20:00:09.850179+00:00,-1,15,"Лонг соответствует восходящему режиму: цена выше EMA20/EMA50, RSI без перегрева, объём высокий. Вход близко к зоне пробоя 64890.0 и не выглядит сильно запоздалым; R:R заявлен около 3.0. Ближайшее сопротивление уже является пробитым уровнем, новых уровней выше для блокировки TP не указано."
62b92faf6a035c5f,2026-08-05T21:53:54.505904+00:00,1785966720000,BTC-USDT-SWAP,LONG,breakout_retest_long,RANGE,64729.0,64644.7,64981.7,3.0,7.0,SL,64729.0,2026-08-05T21:54:11.407239+00:00,2026-08-05T22:03:11.189384+00:00,-1,33,"План допустим: вход не выглядит поздним, R:R заявлен 3.0, TP расположен ниже major resistance 65026. Однако режим RANGE требует подтверждения пробоя и ретеста, без входа в импульс."
e413ef8abfe0be45,2026-08-07T18:47:19.178536+00:00,1786128360000,BTC-USDT-SWAP,SHORT,breakdown_retest_short,RANGE,64708.8,64759.3,64557.2,3.0,7.0,SL,64708.8,2026-08-07T19:01:04.987886+00:00,2026-08-07T19:02:12.701348+00:00,-1,51,"Шорт допустим: вход запланирован на ретесте локальной поддержки 64709.9, цена ниже EMA20/EMA50, дисбаланс стакана медвежий, R:R 3.0 достаточный. TP 64557.2 не упирается в ближайшую major support 64485.0."
9d7e28d2516b7d88,2026-08-11T22:32:20.868119+00:00,1786487460000,BTC-USDT-SWAP,SHORT,breakdown_retest_short,RANGE,63670.7,63697.5,63590.5,3.0,7.6,TP,63670.7,2026-08-11T22:33:11.346023+00:00,2026-08-11T22:49:11.496575+00:00,3.0,58,"Одобрено: вход на ретесте пробитой локальной поддержки выглядит не поздним, цена ниже EMA20/EMA50, R:R около 3. TP расположен до major_support, поэтому ближайшая поддержка не блокирует цель. Режим RANGE повышает риск ложного пробоя."
5859c1bf748be864,2026-08-12T01:14:27.567003+00:00,1786497180000,BTC-USDT-SWAP,LONG,breakout_retest_long,RANGE,63744.7,63693.9,63897.0,3.0,7.0,SL,63744.7,2026-08-12T01:16:08.433120+00:00,2026-08-12T01:32:08.092915+00:00,-1,61,"Сетап допустим: вход запланирован на ретесте пробитого уровня 63743.7, текущая цена не ушла далеко от entry, R:R заявлен 3.0. Режим RANGE снижает качество пробоя, но явного противоречия лонгу нет: цена выше EMA20/EMA50, RSI умеренный, объем повышен. Ближайшее сопротивление совпадает с пробитым уровнем и не блокирует TP по предоставленным уровням."
586912742ff7650c,2026-08-12T14:01:54.911383+00:00,1786543200000,BTC-USDT-SWAP,SHORT,breakdown_retest_short,RANGE,63800.0,63912.6,63462.3,3.0,7.0,TP,63800.0,2026-08-12T14:02:11.750222+00:00,2026-08-12T14:56:16.499137+00:00,3.0,191,"Сетап допустим: цена ниже EMA20/EMA50, дисбаланс стакана сильно в сторону продавцов, вход запланирован на ретесте пробитой зоны 63802.7, а не по запоздалому рынку. R:R заявлен приемлемый, ближайших указанных поддержек между входом и TP нет."
b8be88116ebf2025,2026-08-13T14:33:46.551208+00:00,1786631520000,BTC-USDT-SWAP,LONG,breakout_retest_long,TREND_UP,63860.3,63726.6,64261.2,3.0,7.0,SL,63860.3,2026-08-13T14:55:14.354494+00:00,2026-08-13T15:26:15.502966+00:00,-1,185,"Лонг соответствует восходящему режиму; вход задан на ретесте пробитого сопротивления 63858.0, R:R приемлемый, ближайших указанных сопротивлений до TP нет."
c5a5046e9f432ce7,2026-08-14T12:10:38.736245+00:00,1786709340000,BTC-USDT-SWAP,SHORT,breakdown_retest_short,TREND_DOWN,62783.7,62859.1,62557.5,3.0,7.0,SL,62783.7,2026-08-14T12:15:08.887171+00:00,2026-08-14T12:30:03.253088+00:00,-1,68,"Шорт соответствует нисходящему режиму: цена ниже EMA20/EMA50, дисбаланс стакана продавцов, объём повышен. Вход запланирован на ретесте пробитой зоны 62781.9–62785.2, поэтому не выглядит поздним при исполнении около 62783.7. R:R около 3.0 приемлемый, ближайшие указанные сопротивления выше SL, а явной поддержки перед TP в данных нет. Риск: RSI уже низкий, возможен откат."
b03e3bf2245d7508,2026-08-14T19:17:29.794574+00:00,1786734960000,BTC-USDT-SWAP,SHORT,breakdown_retest_short,TREND_DOWN,62822.3,62865.8,62691.9,3.0,7.0,SL,62822.3,2026-08-14T19:19:10.890257+00:00,2026-08-14T19:23:07.246738+00:00,-1,19,"Шорт соответствует нисходящему режиму: цена ниже EMA20/EMA50, RSI слабый, дисбаланс стакана отрицательный. Вход не выглядит поздним, R:R заявлен 3.0, ближайшее сопротивление не мешает цели."
1fc7cd05a68eb4ec,2026-08-14T21:20:15.549462+00:00,1786742340000,BTC-USDT-SWAP,SHORT,breakdown_retest_short,TREND_DOWN,62866.2,62900.0,62764.6,3.0,7.0,SL,62866.2,2026-08-14T21:23:04.295758+00:00,2026-08-14T21:51:10.798587+00:00,-1,108,"Шорт согласуется с нисходящим режимом: цена ниже EMA20/EMA50, дисбаланс стакана отрицательный, вход запланирован на ретесте пробитой поддержки 62866.7. R:R достаточный, TP не блокируется указанными уровнями."
6091c2423607f0ec,2026-08-15T18:58:19.737024+00:00,1786820220000,BTC-USDT-SWAP,LONG,breakout_retest_long,RANGE,63025.1,63017.3,63048.4,3.0,7.0,EXPIRED,,,2026-08-15T20:58:33.401291+00:00,0,425,"Вход близко к зоне ретеста пробитого локального сопротивления 63025.0, не выглядит запоздалым; R:R около 3 приемлемый, TP не упирается в ближайшее major resistance 63081.5. Режим RANGE требует осторожности, но дисбаланс стакана и объем поддерживают лонг."
ea652e4e00b102ad,2026-08-18T05:04:14.406987+00:00,1787029380000,BTC-USDT-SWAP,SHORT,breakdown_retest_short,RANGE,64155.4,64188.5,64056.2,3.0,7.0,SL,64155.4,2026-08-18T05:05:05.295040+00:00,2026-08-18T05:07:03.582979+00:00,-1,8,"Сигнал допустим: вход запланирован на ретесте пробитой локальной поддержки 64156.0, текущая цена ниже входа, поэтому вход не выглядит поздним. R:R около 3.0, TP не упирается в ближайшую указанную поддержку, режим RANGE не дает сильного трендового подтверждения, но прямо не противоречит short после пробоя."
7f89690276504ca4,2026-08-19T14:38:27.643964+00:00,1787150220000,BTC-USDT-SWAP,LONG,breakout_retest_long,TREND_UP,65446.4,65305.4,65869.2,3.0,7.0,TP,65446.4,2026-08-19T14:39:18.400213+00:00,2026-08-19T14:56:14.289913+00:00,3.0,61,"Лонг допустим: режим TREND_UP не противоречит стороне, вход расположен на ретесте пробитого уровня 65444.0 и не выглядит поздним относительно текущей цены. R:R 3.0 приемлемый, ближайшее указанное сопротивление уже пройдено и не блокирует TP."
86fdd5750b0a2b04,2026-08-20T20:12:14.402622+00:00,1787256600000,BTC-USDT-SWAP,LONG,breakout_retest_long,TREND_UP,72739.6,72625.2,73082.6,3.0,7.0,SL,72739.6,2026-08-20T20:12:31.345268+00:00,2026-08-20T20:16:11.395480+00:00,-1,14,"LONG согласуется с TREND_UP; вход рядом с пробитым уровнем 72737.2, не выглядит поздним относительно ATR. R:R 3.0 приемлемый, ближайшее указанное сопротивление используется как зона пробоя/ретеста и не блокирует TP 73082.6."
c7114e0826ceff4c,2026-08-21T04:33:20.142729+00:00,1787286720000,BTC-USDT-SWAP,LONG,breakout_retest_long,TREND_UP,74921.8,74730.5,75495.8,3.0,7.0,TP,74921.8,2026-08-21T04:34:10.789338+00:00,2026-08-21T06:09:15.843266+00:00,3.0,338,"Лонг согласуется с восходящим режимом: вход запланирован на ретест пробитого сопротивления 74919.0, а не в погоню за импульсом. R:R 3.0 достаточный, явного ближайшего сопротивления между входом и TP не указано."
92c7fe0f35f3691e,2026-08-21T06:33:43.633389+00:00,1787293920000,BTC-USDT-SWAP,LONG,breakout_retest_long,TREND_UP,75518.4,75151.9,76617.7,3.0,7.0,TP,75518.4,2026-08-21T06:37:06.257847+00:00,2026-08-21T07:17:08.494740+00:00,3.0,152,"LONG согласуется с TREND_UP, R:R=3.0 достаточный. Уровень 75513.3 уже является зоной пробоя/ретеста; TP не блокируется указанным сопротивлением. Вход допустим только на ретесте entry, не догонять текущую цену."
cc01d0606805928b,2026-08-21T08:33:42.314689+00:00,1787301120000,BTC-USDT-SWAP,LONG,breakout_retest_long,TREND_UP,77428.6,76982.9,78765.7,3.0,7.0,TP,77428.6,2026-08-21T08:34:16.173668+00:00,2026-08-21T08:56:16.054266+00:00,3.0,79,"Лонг соответствует восходящему режиму: цена выше EMA20/EMA50, пробитое сопротивление 77420 близко к зоне ретеста, R:R около 3.0 приемлемый. Вход не выглядит поздним при исполнении именно на ретесте, а не по рынку выше."
6d5d04eb0ecafe93,2026-08-21T11:32:51.924972+00:00,1787311860000,BTC-USDT-SWAP,SHORT,breakdown_retest_short,RANGE,77192.9,77702.2,75665.1,3.0,7.0,SL,77192.9,2026-08-21T12:40:14.108331+00:00,2026-08-21T13:52:10.643945+00:00,-1,494,"План не выглядит поздним: вход ожидается на ретесте пробитой зоны 77200 снизу, текущая цена ниже entry. R:R заявлен сильный, явных уровней поддержки между входом и TP в предоставленных данных нет. Однако режим RANGE снижает качество сигнала, поэтому вход только по ретесту, без догонки."
d36ca3988c3a2a4c,2026-08-22T03:28:57.665287+00:00,1787369220000,BTC-USDT-SWAP,LONG,breakout_retest_long,TREND_UP,78703.3,78493.0,79334.3,3.0,7.0,SL,78703.3,2026-08-22T03:30:05.260831+00:00,2026-08-22T03:56:16.301336+00:00,-1,97,"Лонг соответствует восходящему режиму: вход запланирован на ретесте пробитого уровня 78699.8, а не сильно выше импульса. R:R 3.0 приемлемый, ближайшее сопротивление уже пройдено и не блокирует TP. Риск: RSI перегрет, поэтому вход только при удержании ретеста."
38015261b4b03fe5,2026-08-22T10:23:22.678498+00:00,1787394120000,BTC-USDT-SWAP,SHORT,breakdown_retest_short,TREND_DOWN,76662.1,76857.6,76075.4,3.0,7.0,SL,76662.1,2026-08-22T10:24:13.252546+00:00,2026-08-22T10:28:10.755723+00:00,-1,15,"SHORT согласуется с нисходящим режимом: цена ниже EMA20/EMA50, дисбаланс стакана отрицательный, объем повышен. Вход на ретесте пробитой поддержки 76666.4 выглядит не поздним, R:R около 3.0 приемлемый. Ближайшее указанное сопротивление выше SL, а поддержка между входом и TP не указана."
aedc7294d726af40,2026-08-22T12:22:18.082952+00:00,1787401260000,BTC-USDT-SWAP,LONG,breakout_retest_long,RANGE,77302.1,77203.1,77598.9,3.0,7.0,SL,77302.1,2026-08-22T12:23:08.700714+00:00,2026-08-22T12:36:05.984992+00:00,-1,47,"Вход не выглядит поздним: цена рядом с entry, R:R заявлен 3.0, TP не блокируется указанными уровнями сопротивления. Но режим RANGE повышает риск ложного пробоя, поэтому сетап допустим только как ретест пробитой зоны."
a32cce04cf6705c3,2026-08-23T03:31:04.535846+00:00,1787455740000,BTC-USDT-SWAP,SHORT,breakdown_retest_short,TREND_DOWN,77009.6,77093.1,76759.1,3.0,7.0,TP,77009.6,2026-08-23T03:50:12.166651+00:00,2026-08-23T04:09:03.463648+00:00,3.0,135,"Шорт соответствует нисходящему режиму: цена ниже EMA20/EMA50, пробитая поддержка 77011.2 используется как зона ретеста для входа. R:R около 3.0, ближайшие указанные уровни не блокируют TP 76759.1."
a4d08b781b3e0e1c,2026-08-23T05:09:21.416278+00:00,1787461680000,BTC-USDT-SWAP,SHORT,breakdown_retest_short,TREND_DOWN,76465.0,76747.6,75617.3,3.0,7.0,EXPIRED,,,2026-08-23T07:09:23.797613+00:00,0,422,"Шорт согласуется с нисходящим режимом: цена ниже EMA20/EMA50, дисбаланс стакана отрицательный, вход запланирован на ретесте пробитой зоны 76470.6, а не в погоне за текущей ценой. R:R около 3 приемлемый, ближайшие указанные уровни не блокируют TP."
2df5be1412f3878b,2026-08-23T05:52:46.061352+00:00,1787464260000,BTC-USDT-SWAP,SHORT,breakdown_retest_short,TREND_DOWN,76102.3,76273.2,75589.7,3.0,7.0,SL,76102.3,2026-08-23T05:53:02.954862+00:00,2026-08-23T06:20:05.942062+00:00,-1,96,"Шорт соответствует нисходящему режиму: цена ниже EMA20/EMA50, дисбаланс стакана отрицательный, вход запланирован на ретесте пробитой локальной поддержки 76105.9. R:R приемлемый, TP расположен выше major_support 75513.2, поэтому ближайшая поддержка не блокирует цель."
c58163432be395db,2026-08-23T11:04:18.367655+00:00,1787482980000,BTC-USDT-SWAP,SHORT,breakdown_retest_short,RANGE,76767.4,76840.6,76547.8,3.0,7.0,SL,76767.4,2026-08-23T11:06:16.496475+00:00,2026-08-23T11:14:09.362379+00:00,-1,33,"Сетап допустим: вход запланирован на ретесте пробитой локальной поддержки, цена не ушла далеко от зоны, R:R заявлен сильный. Давление вниз подтверждают цена ниже EMA20/EMA50, слабый RSI и отрицательный дисбаланс стакана. Режим RANGE требует осторожности, но не противоречит короткой сделке от ретеста."
52d10818205d9cfa,2026-08-24T00:47:19.939540+00:00,1787532360000,BTC-USDT-SWAP,SHORT,breakdown_retest_short,RANGE,77226.0,77450.2,76553.6,3.0,7.0,SL,77226.0,2026-08-24T00:48:10.503819+00:00,2026-08-24T00:52:07.047634+00:00,-1,15,"Сетап допустим: вход практически у зоны пробитой поддержки/ретеста, R:R заявлен сильный, цена ниже EMA20/EMA50, дисбаланс стакана и RSI поддерживают шорт. Но режим RANGE повышает риск ложного пробоя, поэтому нужен строгий SL."
2af8ec2bd1ea5b93,2026-08-24T02:47:37.774103+00:00,1787539560000,BTC-USDT-SWAP,SHORT,breakdown_retest_short,RANGE,77356.8,77488.1,76962.8,3.0,7.0,SL,77356.8,2026-08-24T02:48:11.545269+00:00,2026-08-24T02:56:07.190231+00:00,-1,28,"Шорт допустим только как лимитный вход на ретесте пробитой локальной поддержки: цена ниже EMA20/EMA50, дисбаланс стакана медвежий, R:R приемлемый. Режим RANGE снижает надежность, но не противоречит полностью."
5e0113fd8c8e2dd4,2026-08-24T10:14:38.765819+00:00,1787566380000,BTC-USDT-SWAP,LONG,breakout_retest_long,TREND_UP,77778.7,77512.9,78576.1,3.0,7.0,SL,77778.7,2026-08-24T10:16:03.655728+00:00,2026-08-24T11:02:17.653409+00:00,-1,168,"Лонг соответствует восходящему режиму: вход запланирован на ретесте пробитого уровня 77775, цена не ушла далеко от entry, R:R 3.0 приемлемый. Ближайшее сопротивление уже является зоной пробоя, новых уровней выше TP в данных нет."
d0c04ee27cee3d3d,2026-08-24T14:34:25.865764+00:00,1787581980000,BTC-USDT-SWAP,LONG,breakout_retest_long,TREND_UP,79648.9,78925.9,81817.9,3.0,7.0,SL,79648.9,2026-08-24T14:35:16.552955+00:00,2026-08-24T15:58:14.852442+00:00,-1,295,"Лонг соответствует восходящему режиму: вход близко к пробитому сопротивлению 79636.9, не выглядит поздним, R:R 3.0 приемлемый; явных уровней сопротивления до TP в данных нет."
942ccfbd0ea2e4b0,2026-08-25T06:56:39.094725+00:00,1787640900000,BTC-USDT-SWAP,SHORT,breakdown_retest_short,RANGE,80438.8,80542.6,80127.4,3.0,7.0,SL,80438.8,2026-08-25T06:58:03.450571+00:00,2026-08-25T07:00:18.805616+00:00,-1,12,"План допустим только как вход на ретесте 80438.8: цена ниже пробитой поддержки 80441, EMA и дисбаланс поддерживают SHORT, R:R заявлен сильный. Не входить по текущей цене, так как это ухудшит R:R."
f284974ad915498d,2026-08-25T12:05:24.527257+00:00,1787659440000,BTC-USDT-SWAP,SHORT,breakdown_retest_short,TREND_DOWN,78996.6,79159.0,78509.6,3.0,7.0,SL,78996.6,2026-08-25T12:12:11.106060+00:00,2026-08-25T13:37:04.900967+00:00,-1,323,"Шорт согласуется с нисходящим режимом: цена ниже EMA20/EMA50, дисбаланс стакана отрицательный, объём повышен. Вход не выглядит поздним, так как это заявка на ретест пробитой зоны около 79000, а не погоня за текущей ценой. R:R приемлемый, ближайшие указанные уровни не блокируют TP."
e09dd139aca21e0d,2026-08-25T13:46:15.036699+00:00,1787665500000,BTC-USDT-SWAP,SHORT,breakdown_retest_short,TREND_DOWN,78513.4,79173.3,76533.6,3.0,7.0,SL,78513.4,2026-08-25T13:47:05.744214+00:00,2026-08-25T14:26:17.193054+00:00,-1,140,"Шорт соответствует нисходящему режиму: цена ниже EMA20/EMA50, дисбаланс стакана медвежий, вход запланирован на ретесте пробитой поддержки 78521.3. R:R около 3.0 приемлемый, вход не выглядит запоздалым относительно текущей цены."
e901ca9828108129,2026-08-25T18:31:15.550108+00:00,1787682600000,BTC-USDT-SWAP,SHORT,breakdown_retest_short,RANGE,79174.9,79287.0,78838.7,3.0,7.0,TP,79174.9,2026-08-25T18:32:06.544616+00:00,2026-08-25T19:33:19.088635+00:00,3.0,218,"Шорт допустим: вход близко к текущей цене и к пробитой локальной поддержке 79176.8, R:R 3.0 достаточный, цена ниже EMA20/EMA50, дисбаланс стакана в сторону продаж. TP 78838.7 не блокируется ближайшей указанной поддержкой, так как major_support ниже на 78699.7. Режим RANGE требует осторожности, но прямого противоречия стороне нет."
0dc8a7a07d37b7f6,2026-08-26T00:10:36.424186+00:00,1787702940000,BTC-USDT-SWAP,SHORT,breakdown_retest_short,TREND_DOWN,78358.2,78614.1,77590.5,3.0,7.0,SL,78358.2,2026-08-26T00:12:17.746670+00:00,2026-08-26T00:31:12.756887+00:00,-1,71,"Сетап соответствует нисходящему режиму: вход запланирован на ретесте пробитой поддержки около 78362, текущая цена ниже entry, поэтому вход не выглядит запоздалым. R:R 3.0 приемлемый, ближайшее сопротивление выше стопа, явного уровня поддержки перед TP не указано."
b7050fa6e4356cc5,2026-08-26T02:10:54.174309+00:00,1787710140000,BTC-USDT-SWAP,SHORT,breakdown_retest_short,RANGE,78730.1,78851.9,78364.8,3.0,7.0,SL,78730.1,2026-08-26T02:11:11.048822+00:00,2026-08-26T02:18:12.954092+00:00,-1,26,"Сигнал допустим: вход близко к текущей цене и локальной поддержке, R:R 3.0 приемлемый, цена ниже EMA20/EMA50, дисбаланс стакана в пользу продавцов. TP расположен выше major_support, явного уровня, блокирующего цель, нет. Режим RANGE снижает надежность пробоя, но не дает прямого противоречия шорту."
a93a42966157ed64,2026-08-26T06:06:09.547697+00:00,1787724300000,BTC-USDT-SWAP,LONG,breakout_retest_long,TREND_UP,79132.6,78981.2,79586.7,3.0,7.0,SL,79132.6,2026-08-26T06:07:16.991193+00:00,2026-08-26T06:12:05.542494+00:00,-1,18,"Лонг согласуется с восходящим режимом: цена выше EMA20/EMA50, пробитая зона 79129.9 выступает как ретест для входа, текущая цена не выглядит сильно поздней относительно entry. R:R около 3.0 приемлемый, ближайшее указанное сопротивление уже пробито и не блокирует TP."
945af823d04025ab,2026-08-26T11:32:26.328108+00:00,1787743860000,BTC-USDT-SWAP,SHORT,breakdown_retest_short,RANGE,78579.3,78671.2,78303.7,3.0,7.0,TP,78579.3,2026-08-26T11:37:14.004620+00:00,2026-08-26T11:39:15.590062+00:00,3.0,21,"Шорт допустим: вход близко к пробитой локальной поддержке 78581.1, цена не ушла далеко от entry, R:R 3.0 приемлемый. Давление подтверждают цена ниже EMA, слабый RSI и отрицательный дисбаланс. TP расположен выше major_support, явного блока перед целью нет."
b885a26259e2cf46,2026-08-27T01:15:51.355186+00:00,1787793240000,BTC-USDT-SWAP,SHORT,breakdown_retest_short,RANGE,78633.8,78762.1,78248.9,3.0,7.0,SL,78633.8,2026-08-27T01:19:13.745810+00:00,2026-08-27T01:25:07.793561+00:00,-1,33,"Шорт по ретесту пробитой поддержки выглядит допустимо: цена ниже EMA20/EMA50, дисбаланс стакана отрицательный, вход не догоняющий и R:R приемлемый. Режим RANGE снижает надежность пробоя, но прямого противоречия стороне нет."
ae7b60b571ee670e,2026-08-27T07:51:12.954251+00:00,1787817000000,BTC-USDT-SWAP,LONG,breakout_retest_long,TREND_UP,78848.2,78802.3,78985.8,3.0,7.0,EXPIRED,,,2026-08-27T09:51:15.500396+00:00,0,424,"Лонг согласуется с TREND_UP: вход расположен на ретесте пробитого сопротивления 78846.9, RSI без явной перегретости, RR около 3.0. Вход допустим только по зоне 78848.2, не догонять текущую цену выше."
3643ccd3683c01e4,2026-08-27T11:15:16.750230+00:00,1787829240000,BTC-USDT-SWAP,LONG,breakout_retest_long,RANGE,79702.1,79605.1,79993.1,3.0,7.0,SL,79702.1,2026-08-27T11:17:14.950328+00:00,2026-08-27T11:19:13.548786+00:00,-1,12,"Сетап допустим: вход близко к зоне ретеста локального сопротивления 79699.6, цена не ушла далеко от entry, R:R 3.0 приемлемый, TP ниже major_resistance 80299.6 и не заблокирован ближайшим уровнем. Режим RANGE снижает качество breakout-сценария, но прямого противоречия LONG нет."
2246ca31d0cd134b,2026-08-27T14:36:23.302035+00:00,1787841300000,BTC-USDT-SWAP,LONG,breakout_retest_long,TREND_UP,79928.4,79744.5,80480.1,3.0,7.0,EXPIRED,,,2026-08-27T16:36:33.197987+00:00,0,424,"Лонг соответствует восходящему режиму: вход запланирован на ретест пробитого сопротивления 79923.7, R:R около 3.0, ближайшие указанные уровни не блокируют TP."
3a044825812d2f4a,2026-08-28T00:33:13.972749+00:00,1787877120000,BTC-USDT-SWAP,LONG,breakout_retest_long,TREND_UP,80438.9,80296.9,80864.7,3.0,7.0,TP,80438.9,2026-08-28T00:34:04.679883+00:00,2026-08-28T01:19:07.747345+00:00,3.0,161,"Лонг соответствует восходящему режиму: вход у зоны пробитого сопротивления 80436.2 на ретесте, текущая цена не выглядит сильно поздней, R:R заявлен 3.0. Ближайших уровней сопротивления выше TP в данных нет."
c15c54f6cdf5e780,2026-08-28T14:04:11.754289+00:00,1787925720000,BTC-USDT-SWAP,SHORT,breakdown_retest_short,TREND_DOWN,78991.1,79718.9,76807.9,3.0,7.0,SL,78991.1,2026-08-28T14:04:28.704727+00:00,2026-08-28T15:01:13.001779+00:00,-1,202,"Сигнал допустим: сторона SHORT соответствует нисходящему режиму, вход расположен у ретеста пробитой зоны 79000, цена не ушла далеко от entry, R:R заявлен сильный. SL выше локального/major resistance, ближайшие уровни не блокируют движение к TP по предоставленным данным."
f21157c701cc0b1f,2026-08-31T01:04:46.881966+00:00,1788138180000,BTC-USDT-SWAP,SHORT,breakdown_retest_short,RANGE,77876.6,77973.6,77585.4,3.0,7.0,TP,77876.6,2026-08-31T01:40:16.694203+00:00,2026-08-31T02:00:16.742389+00:00,3.0,197,"Шорт допустим только как вход на ретесте пробитой локальной поддержки 77879: цена уже ниже, поэтому вход по рынку был бы поздним, но лимитный ретест не выглядит запоздалым. R:R 3.0 приемлемый, ближайшая указанная поддержка не блокирует TP, дисбаланс стакана и цена ниже EMA поддерживают сторону."
8c1493210b856b2c,2026-09-01T05:56:17.951303+00:00,1788242100000,BTC-USDT-SWAP,LONG,breakout_retest_long,TREND_UP,79169.8,79047.7,79536.2,3.0,7.0,SL,79169.8,2026-09-01T05:57:08.651310+00:00,2026-09-01T06:04:11.702625+00:00,-1,26,"Лонг соответствует восходящему режиму: вход близко к зоне пробоя/ретеста 79167.2, цена не ушла далеко от entry, R:R 3.0 приемлемый. Ближайшее указанное сопротивление уже у зоны входа и не блокирует TP по заданным уровням."
6a80c4281eeca07f,2026-09-01T14:56:28.210431+00:00,1788274500000,BTC-USDT-SWAP,SHORT,breakdown_retest_short,RANGE,78184.8,78390.1,77569.0,3.0,7.0,TP,78184.8,2026-09-01T14:58:09.702480+00:00,2026-09-01T16:19:18.245423+00:00,3.0,291,"Шорт по ретесту пробитой локальной поддержки выглядит допустимо: вход не поздний, цена ниже entry, R:R около 3, ближайшая цель не упирается в major support, локальный/major resistance рядом со SL подтверждает зону риска."
2a327d2ec9d8ee86,2026-09-02T15:00:33.737927+00:00,1788361140000,BTC-USDT-SWAP,SHORT,breakdown_retest_short,RANGE,77056.3,77194.1,76642.7,3.0,7.0,SL,77056.3,2026-09-02T15:04:13.750904+00:00,2026-09-02T15:34:09.751189+00:00,-1,118,"План не выглядит запоздалым: вход на ретесте локальной поддержки 77059.2, цена сейчас ниже. R:R 3.0 приемлемый, TP расположен выше major_support 76577.8, явного блокирующего уровня до цели нет. Режим RANGE снижает уверенность, но не противоречит напрямую шорту."
df341d5403fb02f3,2026-09-02T17:20:42.371679+00:00,1788369540000,BTC-USDT-SWAP,SHORT,breakdown_retest_short,RANGE,77022.4,77142.5,76662.3,3.0,7.0,SL,77022.4,2026-09-02T17:23:14.905246+00:00,2026-09-02T17:34:15.501305+00:00,-1,47,"Вход не выглядит поздним: это лимит на ретест пробитой зоны около 77025.1, текущая цена ниже. R:R 3.0 приемлемый, цена ниже EMA20/EMA50, дисбаланс стакана продавцов поддерживает SHORT. Режим RANGE повышает риск ложного пробоя, но прямого противоречия стороне нет."
b46ffe408c39a8a9,2026-09-02T18:19:20.801254+00:00,1788373080000,BTC-USDT-SWAP,LONG,breakout_retest_long,TREND_UP,77437.2,77320.7,77786.9,3.0,7.0,SL,77437.2,2026-09-02T18:20:11.559041+00:00,2026-09-02T18:38:16.002079+00:00,-1,65,"Лонг соответствует восходящему режиму: цена выше EMA20/EMA50, пробитая зона 77435.1 рядом с планируемым ретест-входом, R:R заявлен сильный. Вход не выглядит существенно запоздалым, так как текущая цена недалеко от entry. Ближайшее указанное сопротивление уже является зоной пробоя, новых уровней для блокировки TP в данных нет."
e8cab82860c206cb,2026-09-02T23:41:27.573259+00:00,1788392400000,BTC-USDT-SWAP,SHORT,breakdown_retest_short,RANGE,77100.3,77142.2,76974.7,3.0,7.0,SL,77100.3,2026-09-02T23:45:07.602923+00:00,2026-09-02T23:46:15.347466+00:00,-1,15,"Шорт допустим: вход на ретесте пробитой локальной поддержки, цена ниже EMA, RSI слабый, дисбаланс стакана в пользу продавцов. R:R приемлемый, TP расположен перед major_support и не упирается в него."
cb909198f378fda9,2026-09-03T04:06:24.169737+00:00,1788408300000,BTC-USDT-SWAP,LONG,breakout_retest_long,TREND_UP,77716.2,77663.9,77873.3,3.0,7.0,SL,77716.2,2026-09-03T04:13:09.393720+00:00,2026-09-03T04:14:17.148258+00:00,-1,26,"Лонг соответствует восходящему режиму: вход близко к ретесту пробитого локального сопротивления 77715.2, цена не ушла далеко от entry, R:R заявлен достаточный. TP расположен чуть ниже major resistance 77875.9, поэтому уровень не блокирует цель, но зона требует осторожности."
a50ad905d86fb142,2026-09-03T11:34:45.320673+00:00,1788435180000,BTC-USDT-SWAP,LONG,breakout_retest_long,TREND_UP,77921.3,77787.7,78322.3,3.0,7.0,TP,77921.3,2026-09-03T11:35:19.156597+00:00,2026-09-03T12:33:15.045530+00:00,3.0,205,"Лонг согласуется с TREND_UP: цена выше EMA20/EMA50, RSI без перегрева, объём повышен. Вход близко к зоне пробоя 77919.3, не выглядит поздним; R:R 3.0 приемлемый. Ближайшее сопротивление фактически является уровнем пробоя, TP не блокируется указанными уровнями."
ec8681523a5fabf0,2026-09-03T14:17:41.970795+00:00,1788444960000,BTC-USDT-SWAP,LONG,breakout_retest_long,TREND_UP,78983.6,78748.8,79688.1,3.0,7.0,TP,78983.6,2026-09-03T14:19:07.041541+00:00,2026-09-03T14:31:16.647978+00:00,3.0,47,"LONG согласуется с TREND_UP: вход задан на ретесте пробитого сопротивления 78979.6, а не в явном догоне. R:R 3.0 приемлемый, ближайшее указанное сопротивление уже является зоной пробоя и не блокирует TP."
4ca951be39e306b4,2026-09-03T22:27:24.589472+00:00,1788474360000,BTC-USDT-SWAP,SHORT,breakdown_retest_short,RANGE,81206.8,81350.7,80774.9,3.0,7.0,SL,81206.8,2026-09-03T22:42:05.009097+00:00,2026-09-04T00:39:05.600249+00:00,-1,465,"Сетап допустим: вход запланирован на ретесте пробитой поддержки 81210.1, цена не выглядит чрезмерно поздней относительно входа, R:R заявлен сильный. Давление по стакану и цена ниже EMA поддерживают шорт, но режим RANGE повышает риск ложного пробоя."
5a7731b81dac56d2,2026-09-04T07:37:13.402080+00:00,1788507360000,BTC-USDT-SWAP,SHORT,breakdown_retest_short,RANGE,80806.5,80877.9,80592.4,3.0,7.0,SL,80806.5,2026-09-04T08:19:09.745528+00:00,2026-09-04T08:25:05.082193+00:00,-1,167,"План на шорт от ретеста пробитой локальной поддержки 80808 выглядит допустимо: вход не поздний, цена ниже EMA, дисбаланс стакана отрицательный, R:R около 3. TP расположен выше major support 80520.6, явного блока перед целью нет. Учитывать, что режим RANGE снижает надежность пробоя."
f174ca4b0e00fbb5,2026-09-04T11:25:16.670608+00:00,1788521040000,BTC-USDT-SWAP,LONG,breakout_retest_long,TREND_UP,81207.2,81088.7,81562.7,3.0,7.0,SL,81207.2,2026-09-04T11:35:09.058471+00:00,2026-09-04T12:17:14.245530+00:00,-1,182,"Лонг согласуется с восходящим режимом: цена выше EMA20/EMA50, RSI умеренный, объём повышен. Вход расположен на ретесте пробитого сопротивления 81205.0, не выглядит сильно запоздалым относительно текущей цены. R:R 3.0 приемлемый, ближайшие указанные уровни не блокируют TP."
5ac7de7f040a0a33,2026-09-04T17:15:33.845986+00:00,1788542040000,BTC-USDT-SWAP,SHORT,breakdown_retest_short,RANGE,79597.4,79678.6,79353.6,3.0,7.0,TP,79597.4,2026-09-04T17:22:03.558201+00:00,2026-09-04T17:54:02.749500+00:00,3.0,135,"Сетап допустим только как вход на ретесте зоны 79599 снизу: R:R 3.0 нормальный, цена ниже EMA, дисбаланс стакана и объем поддерживают шорт. TP стоит выше major support, явного блока до цели нет."
1b5a44892f269835,2026-09-05T20:19:32.904721+00:00,1788639480000,BTC-USDT-SWAP,SHORT,breakdown_retest_short,RANGE,79672.7,79807.1,79269.3,3.0,7.0,SL,79672.7,2026-09-05T20:21:15.146005+00:00,2026-09-05T21:23:18.292156+00:00,-1,225,"План допустим: вход задан на ретесте пробитой поддержки 79674.2 снизу, SL выше локального сопротивления 79804.0, R:R около 3.0. Цена сейчас немного ниже входа, но не выглядит сильно запоздалой; режим RANGE требует осторожности."
f49acfa919457839,2026-09-06T14:14:09.550724+00:00,1788703920000,BTC-USDT-SWAP,SHORT,breakdown_retest_short,RANGE,79725.2,79806.5,79481.3,3.0,7.0,TP,79725.2,2026-09-06T14:16:07.893338+00:00,2026-09-06T14:32:12.636891+00:00,3.0,64,"Шорт допустим: вход у ретеста пробитой поддержки 79726.5, цена не ушла далеко от entry, R:R около 3.0. Цена ниже EMA20/EMA50, RSI ниже 50 и дисбаланс стакана в пользу продавцов. Режим RANGE повышает риск ложного пробоя, но прямого противоречия стороне нет."
66b9d836d0222ddc,2026-09-06T21:16:01.636961+00:00,1788729240000,BTC-USDT-SWAP,LONG,breakout_retest_long,TREND_UP,79967.0,79884.7,80213.8,3.0,7.0,SL,79967.0,2026-09-06T21:16:18.512267+00:00,2026-09-06T21:28:12.467263+00:00,-1,42,"Лонг соответствует восходящему режиму: вход не выглядит поздним, цена ниже точки входа, R:R около 3.0 приемлемый. Уровень 79965.9 является ключевым сопротивлением, поэтому вход допустим только после подтвержденного пробоя/ретеста, без входа в импульс."
c55b500e77c3c4d5,2026-09-07T01:16:16.277635+00:00,1788743700000,BTC-USDT-SWAP,SHORT,breakdown_retest_short,RANGE,79904.5,80037.7,79504.8,3.0,7.0,SL,79904.5,2026-09-07T01:18:14.651566+00:00,2026-09-07T02:36:02.039012+00:00,-1,280,"Шорт допустим только как вход на ретесте 79907.9 снизу: цена ниже EMA20/EMA50, дисбаланс стакана отрицательный, R:R приемлемый. Но режим RANGE и низкий RSI повышают риск ложного пробоя, поэтому без ретеста вход не стоит догонять."
b5fa9070f1601281,2026-09-07T05:55:41.255268+00:00,1788760440000,BTC-USDT-SWAP,SHORT,breakdown_retest_short,RANGE,79749.9,79826.5,79520.1,3.0,7.0,TP,79749.9,2026-09-07T06:05:16.758854+00:00,2026-09-07T07:23:18.493592+00:00,3.0,309,"Сетап допустим: цена ниже пробитой локальной поддержки, вход запланирован на ретесте, R:R около 3.0, импульс и дисбаланс поддерживают SHORT. TP расположен выше major_support, поэтому ближайшая поддержка не блокирует цель напрямую."
f2f88979dbf5bf8f,2026-09-07T08:38:11.056177+00:00,1788770220000,BTC-USDT-SWAP,SHORT,breakdown_retest_short,TREND_DOWN,79409.6,79510.6,79106.4,3.0,7.0,SL,79409.6,2026-09-07T08:39:18.746136+00:00,2026-09-07T09:12:03.748218+00:00,-1,117,"Сетап допустим: SHORT совпадает с режимом TREND_DOWN, вход запланирован на ретесте пробитой локальной поддержки 79410.9, цена не ушла далеко от entry. SL расположен выше локального сопротивления 79508.0, TP выше major_support 78920.0, R:R 3.0 приемлемый."
05760d12b64558af,2026-09-08T02:33:14.373857+00:00,1788834720000,BTC-USDT-SWAP,SHORT,breakdown_retest_short,RANGE,79207.9,79458.8,78455.0,3.0,7.0,EXPIRED,,,2026-09-08T04:33:22.897924+00:00,0,424,"Сетап допустим: вход не выглядит запоздалым относительно текущей цены, R:R 3.0 достаточный, SL расположен за локальным сопротивлением, явного уровня поддержки перед TP в данных нет. Режим RANGE снижает качество пробоя, поэтому вход только по ретесту зоны."
6a6fbc1edcc47bb9,2026-09-08T06:52:24.967749+00:00,1788850260000,BTC-USDT-SWAP,SHORT,breakdown_retest_short,TREND_DOWN,78312.7,78459.7,77871.7,3.0,7.0,SL,78312.7,2026-09-08T06:57:24.045078+00:00,2026-09-08T07:26:07.542561+00:00,-1,104,"Шорт соответствует нисходящему режиму: цена ниже EMA20/EMA50, дисбаланс стакана отрицательный, вход запланирован на ретесте пробитой поддержки 78315.2. R:R заявлен 3.0, ближайших указанных поддержек на пути к TP нет."
2bf698b257e29abb,2026-09-08T23:55:20.192817+00:00,1788911640000,BTC-USDT-SWAP,SHORT,breakdown_retest_short,TREND_DOWN,78378.1,78431.3,78218.7,3.0,7.0,SL,78378.1,2026-09-08T23:56:10.903242+00:00,2026-09-09T00:01:15.404763+00:00,-1,19,"Сетап соответствует нисходящему режиму: цена ниже EMA20/EMA50, дисбаланс стакана отрицательный, вход близко к текущей цене и не выглядит запоздалым. R:R приемлемый, ближайшие указанные уровни не блокируют движение к TP."
dbe470a31ab3a7af,2026-09-09T03:27:16.432204+00:00,1788924360000,BTC-USDT-SWAP,SHORT,breakdown_retest_short,RANGE,78540.0,78588.0,78396.2,3.0,7.0,SL,78540.0,2026-09-09T03:29:14.902618+00:00,2026-09-09T03:42:12.538800+00:00,-1,51,"Шорт допустим: вход запланирован на ретесте пробитой поддержки 78541.4, текущая цена ниже входа, поэтому вход не выглядит поздним. R:R около 3.0, EMA и дисбаланс стакана поддерживают давление вниз. Режим RANGE снижает качество, но не противоречит направлению напрямую."
f42fc14007814dda,2026-09-09T10:39:24.472334+00:00,1788950280000,BTC-USDT-SWAP,LONG,breakout_retest_long,RANGE,79121.8,79030.8,79394.8,3.0,7.0,SL,79121.8,2026-09-09T10:40:15.249531+00:00,2026-09-09T10:46:10.748541+00:00,-1,22,"Сигнал допустим: вход почти у зоны пробоя/ретеста 79120, цена не ушла далеко от entry, R:R 3.0 приемлемый. Ближайшее указанное сопротивление 79680 находится выше TP, явного блока до цели нет. Режим RANGE снижает качество breakout-сценария, но текущие EMA, RSI, объем и дисбаланс поддерживают лонг."
194c4ba646ea48c0,2026-09-09T15:12:34.868421+00:00,1788966660000,BTC-USDT-SWAP,SHORT,breakdown_retest_short,RANGE,78413.7,78903.0,76945.9,3.0,7.0,TP,78413.7,2026-09-09T15:14:16.787887+00:00,2026-09-10T12:47:07.240543+00:00,3.0,4574,"Шорт допустим только как вход на ретесте пробитой поддержки 78424.8 снизу: цена ниже EMA20/EMA50, дисбаланс стакана отрицательный, R:R 3.0 приемлемый. Текущая цена ниже entry, поэтому вход не выглядит запоздалым при ожидании ретеста."
84a0a782edc9d936,2026-09-09T17:05:25.039412+00:00,1788973440000,BTC-USDT-SWAP,SHORT,breakdown_retest_short,RANGE,78699.4,78811.8,78362.3,3.0,7.6,SL,78699.4,2026-09-09T17:06:16.058785+00:00,2026-09-09T17:12:13.205827+00:00,-1,22,"Шорт допустим: вход не выглядит поздним, цена рядом с зоной ретеста локальной поддержки 78701.2, R:R заявлен 3.0. Режим RANGE не усиливает идею пробоя, но прямого противоречия стороне нет; ближайшая крупная поддержка 78028.0 не блокирует TP 78362.3."
15077a8d7cc173a9,2026-09-10T12:32:42.703085+00:00,1789043460000,BTC-USDT-SWAP,SHORT,breakdown_retest_short,TREND_DOWN,77638.5,77966.6,76654.2,3.0,7.0,EXPIRED,,,2026-09-10T14:32:59.362290+00:00,0,424,"SHORT согласуется с TREND_DOWN: цена ниже EMA20/EMA50, дисбаланс стакана отрицательный, вход запланирован на ретесте пробитой поддержки 77640.6–77643.3. R:R 3.0 приемлемый, ближайшее указанное сопротивление выше входа не блокирует TP."
db3e57971d6e586d,2026-09-13T09:25:39.145197+00:00,1789291440000,BTC-USDT-SWAP,SHORT,breakdown_retest_short,TREND_DOWN,76713.1,76792.1,76476.1,3.0,7.0,TP,76713.1,2026-09-13T09:37:13.902054+00:00,2026-09-13T11:03:17.247814+00:00,3.0,345,"Шорт согласуется с нисходящим режимом: цена ниже EMA20/EMA50, дисбаланс стакана отрицательный, вход запланирован на ретесте пробитой поддержки 76715.2 снизу. R:R 3.0 приемлемый, явного ближайшего уровня поддержки перед TP в данных нет."
6f1ca2c47d524504,2026-09-13T22:57:13.839321+00:00,1789340160000,BTC-USDT-SWAP,SHORT,breakdown_retest_short,RANGE,76641.9,76784.1,76215.3,3.0,7.0,SL,76641.9,2026-09-13T22:58:04.594054+00:00,2026-09-13T23:31:05.750015+00:00,-1,109,"Шорт допустим: цена ниже EMA20/EMA50, RSI слабый, дисбаланс стакана отрицательный, вход близко к зоне пробоя 76644.1 и не выглядит поздним. R:R 3.0 приемлемый, явного уровня поддержки перед TP в данных нет. Но режим RANGE повышает риск ложного пробоя."
09b932fb518aabc2,2026-09-13T23:17:34.160317+00:00,1789341360000,BTC-USDT-SWAP,SHORT,breakdown_retest_short,TREND_DOWN,76626.7,76731.0,76313.7,3.0,7.0,SL,76626.7,2026-09-13T23:18:07.950280+00:00,2026-09-13T23:31:05.750075+00:00,-1,47,"Шорт соответствует нисходящему режиму: цена ниже EMA20/EMA50, дисбаланс стакана отрицательный, вход запланирован на ретесте пробитой поддержки 76628.9 снизу. R:R 3.0 приемлемый, ближайших указанных поддержек ниже, блокирующих TP, нет."
5957f80a5c4ead94,2026-09-14T14:18:56.972605+00:00,1789395420000,BTC-USDT-SWAP,LONG,breakout_retest_long,TREND_UP,78516.1,78270.2,79254.0,3.0,7.0,SL,78516.1,2026-09-14T14:19:13.918801+00:00,2026-09-14T14:25:10.392697+00:00,-1,22,"Лонг соответствует восходящему режиму: вход запланирован у пробитого сопротивления 78512.0 на ретесте, текущая цена близко к entry, R:R 3.0 приемлемый. Ближайшие указанные уровни не блокируют TP."
cc0994d1cb270d6f,2026-09-15T23:08:16.994125+00:00,1789513620000,BTC-USDT-SWAP,LONG,breakout_retest_long,RANGE,75751.9,75623.4,76137.5,3.0,7.0,SL,75751.9,2026-09-15T23:30:17.146019+00:00,2026-09-15T23:31:07.991025+00:00,-1,79,"Вход почти у ретеста пробитого сопротивления 75749.7, не выглядит поздним относительно текущей цены; R:R 3.0 приемлемый, явного уровня сопротивления до TP в данных нет. Но режим RANGE снижает качество пробоя."
038199d1a0467107,2026-09-16T14:04:12.952641+00:00,1789567320000,BTC-USDT-SWAP,SHORT,breakdown_retest_short,TREND_DOWN,75549.0,75768.0,74891.8,3.0,7.0,SL,75549.0,2026-09-16T14:04:29.903573+00:00,2026-09-16T14:29:06.204182+00:00,-1,88,"Шорт согласуется с нисходящим режимом: цена ниже EMA20/EMA50, дисбаланс стакана отрицательный, вход запланирован на ретест пробитой поддержки около 75553. R:R заявлен сильный, ближайших уровней поддержки ниже, блокирующих TP, не указано."
94ed0adef11ef82c,2026-09-16T17:50:14.538595+00:00,1789580940000,BTC-USDT-SWAP,SHORT,breakdown_retest_short,TREND_DOWN,75354.5,75524.3,74845.1,3.0,7.0,SL,75354.5,2026-09-16T17:51:05.296871+00:00,2026-09-16T17:55:02.398318+00:00,-1,15,"Шорт соответствует нисходящему режиму: цена ниже EMA20/EMA50, дисбаланс стакана отрицательный, вход запланирован на ретесте пробитой зоны 75358. R:R приемлемый, TP не перекрыт указанными уровнями поддержки/сопротивления."
23158ba85803f744,2026-09-17T15:32:40.931740+00:00,1789659060000,BTC-USDT-SWAP,LONG,breakout_retest_long,RANGE,76450.5,76324.9,76827.4,3.0,7.0,EXPIRED,,,2026-09-17T17:32:54.576651+00:00,0,424,"Лонг допустим только как вход на ретесте зоны 76448–76450: цена рядом, R:R заявлен 3.0, TP не упирается в ближайшее сопротивление 77055. Режим RANGE снижает надежность пробоя, поэтому без входа в импульс."
ed47da80849899b6,2026-09-20T16:37:44.608003+00:00,1789922160000,BTC-USDT-SWAP,LONG,breakout_retest_long,TREND_UP,81271.7,81070.4,81875.5,3.0,7.0,SL,81271.7,2026-09-20T16:41:07.556275+00:00,2026-09-20T17:57:04.547262+00:00,-1,280,"Лонг согласуется с восходящим режимом; вход запланирован на ретесте пробитого сопротивления 81268.0, R:R приемлемый. Важно не входить выше плана, а ждать зону entry."
d45960055364c20a,2026-09-21T00:15:40.000943+00:00,1789949640000,BTC-USDT-SWAP,LONG,breakout_retest_long,TREND_UP,81592.3,81382.2,82222.4,3.0,7.0,SL,81592.3,2026-09-21T00:17:04.400608+00:00,2026-09-21T01:33:12.549354+00:00,-1,274,"Лонг соответствует восходящему режиму: вход близко к пробитому сопротивлению 81586.2, цена не ушла далеко от entry, R:R около 3 приемлемый. Ближайший указанный уровень сопротивления уже ниже входа и не блокирует TP."
8014eac24b78acd0,2026-09-21T12:05:46.911155+00:00,1789992240000,BTC-USDT-SWAP,LONG,breakout_retest_long,TREND_UP,84926.7,84663.5,85716.2,3.0,7.0,TP,84926.7,2026-09-21T12:06:03.917433+00:00,2026-09-21T13:52:15.242150+00:00,3.0,373,"Лонг соответствует TREND_UP: вход у пробитого сопротивления 84923.2, SL за локальной поддержкой 84655.3, R:R 3.0 достаточный. Важно не догонять цену выше плана, а работать только от указанной зоны входа."
7d09ec148b3a478e,2026-09-21T14:51:40.296697+00:00,1790002200000,BTC-USDT-SWAP,LONG,breakout_retest_long,TREND_UP,85974.1,85649.8,86947.2,3.0,7.0,SL,85974.1,2026-09-21T14:52:14.447528+00:00,2026-09-21T16:08:14.225788+00:00,-1,268,"Лонг согласуется с восходящим режимом: вход запланирован рядом с пробитым уровнем 85968.2, R:R приемлемый, текущая цена ниже входа — сигнал не выглядит поздним. Ближайшее сопротивление фактически является уровнем пробоя, дополнительных уровней перед TP не указано."
07c673b1c337bb81,2026-09-22T05:16:37.291916+00:00,1790054100000,BTC-USDT-SWAP,SHORT,breakdown_retest_short,TREND_DOWN,85347.5,85493.7,84908.9,3.0,7.0,SL,85347.5,2026-09-22T05:17:11.155554+00:00,2026-09-22T05:47:07.151463+00:00,-1,107,"Сетап соответствует нисходящему режиму: цена ниже EMA20/EMA50, дисбаланс стакана отрицательный, вход запланирован на ретесте пробитой зоны 85350. R:R приемлемый, ближайшие указанные уровни не блокируют TP."
dc5da116d1bf5f80,2026-09-22T07:35:16.717491+00:00,1790062440000,BTC-USDT-SWAP,SHORT,breakdown_retest_short,TREND_DOWN,85177.3,85305.4,84792.8,3.0,7.0,SL,85177.3,2026-09-22T07:37:15.305144+00:00,2026-09-22T07:55:04.199637+00:00,-1,68,"Сетап согласуется с нисходящим режимом: цена ниже EMA20/EMA50, дисбаланс стакана продавцов, вход запланирован на ретест пробитой поддержки около 85180. R:R приемлемый, TP не заблокирован указанными уровнями."
1ff0d254a04216d1,2026-09-22T14:14:45.184833+00:00,1790086380000,BTC-USDT-SWAP,LONG,breakout_retest_long,TREND_UP,86347.2,86031.9,87293.0,3.0,7.0,SL,86347.2,2026-09-22T14:15:19.366005+00:00,2026-09-22T14:22:07.302331+00:00,-1,25,"Лонг согласуется с TREND_UP: цена выше EMA20/EMA50, дисбаланс стакана в пользу покупателей, вход рядом с пробитым сопротивлением 86341.6 и не выглядит погоней за импульсом. R:R 3.0 приемлемый, известных уровней сопротивления между входом и TP не указано."
bbdc2bd30fe4f3b5,2026-09-22T17:59:31.931900+00:00,1790099880000,BTC-USDT-SWAP,LONG,breakout_retest_long,TREND_UP,86601.2,86376.0,87276.7,3.0,7.0,SL,86601.2,2026-09-22T18:00:05.909310+00:00,2026-09-22T18:26:07.906480+00:00,-1,93,"Лонг соответствует восходящему режиму: цена выше EMA20/EMA50, RSI умеренно сильный, объём и дисбаланс стакана поддерживают покупателя. Вход рядом с зоной 86597.6 не выглядит запоздалым, R:R около 3 приемлемый."
0a075302c76d9df5,2026-09-23T00:04:16.809319+00:00,1790121780000,BTC-USDT-SWAP,LONG,breakout_retest_long,RANGE,86194.3,86104.4,86463.8,3.0,7.0,SL,86194.3,2026-09-23T00:05:07.957782+00:00,2026-09-23T00:06:15.689747+00:00,-1,5,"Сигнал допустим: вход задан на ретесте пробитого локального сопротивления 86192.5, текущая цена не ушла далеко от входа, R:R около 3.0. TP расположен ниже major resistance 86478.2, явного блокирующего уровня до цели нет. Режим RANGE требует осторожности, но напрямую не отменяет long при ретесте пробоя."
636c8cc5da3779d6,2026-09-24T00:52:09.714137+00:00,1790211060000,BTC-USDT-SWAP,SHORT,breakdown_retest_short,TREND_DOWN,84233.5,84343.4,83904.0,3.0,7.0,SL,84233.5,2026-09-24T00:56:06.452075+00:00,2026-09-24T01:02:18.588353+00:00,-1,33,"Шорт соответствует нисходящему режиму: цена ниже EMA20/EMA50, дисбаланс стакана отрицательный, вход близко к ретесту пробитой поддержки 84235.6. R:R приемлемый, ближайшие указанные уровни не блокируют TP."
40ee3e5a921fa2e3,2026-09-24T04:19:20.949056+00:00,1790223480000,BTC-USDT-SWAP,SHORT,breakdown_retest_short,TREND_DOWN,83766.4,83874.4,83442.2,3.0,7.0,SL,83766.4,2026-09-24T04:20:11.607273+00:00,2026-09-24T04:29:13.451309+00:00,-1,33,"Сетап согласуется с нисходящим режимом: цена ниже EMA20/EMA50, дисбаланс стакана отрицательный, вход у пробитой локальной поддержки с адекватным R:R. Вход не выглядит запоздалым, TP не заблокирован указанными уровнями."
21373a9845b0bcf0,2026-09-26T11:17:33.603983+00:00,1790421360000,BTC-USDT-SWAP,LONG,breakout_retest_long,TREND_UP,84148.9,84097.3,84303.9,3.0,7.0,SL,84148.9,2026-09-26T11:21:14.041065+00:00,2026-09-26T12:04:13.849288+00:00,-1,164,"Лонг соответствует восходящему режиму: цена выше EMA20/EMA50, RSI без явной перекупленности, объём и стакан поддерживают движение. Вход на ретесте зоны 84148 выглядит не запоздалым при условии исполнения около указанного entry, R:R заявлен сильный, ближайших уровней выше до TP не указано."
ee367345a8a5807c,2026-09-26T17:17:24.315230+00:00,1790442960000,BTC-USDT-SWAP,SHORT,breakdown_retest_short,RANGE,84014.6,84046.7,83918.4,3.0,7.0,SL,84014.6,2026-09-26T17:18:15.164199+00:00,2026-09-26T17:40:18.052347+00:00,-1,79,"Сетап допустим: цена ниже EMA20/EMA50, дисбаланс стакана в пользу продавцов, вход запланирован на ретесте пробитой поддержки 84015.5, R:R приемлемый. Режим RANGE снижает надежность пробоя, но прямого противоречия шорту нет."
06ec2cc29dff7295,2026-09-28T03:31:15.356657+00:00,1790566200000,BTC-USDT-SWAP,SHORT,breakdown_retest_short,TREND_DOWN,83269.7,83420.7,82816.5,3.0,7.0,SL,83269.7,2026-09-28T03:32:06.093726+00:00,2026-09-28T03:38:04.757650+00:00,-1,21,"Шорт согласуется с нисходящим режимом, цена ниже пробитой поддержки, вход запланирован на ретесте, а не вдогонку. R:R заявлен сильный, ближайшие указанные уровни не блокируют TP."
02ecf327e1951226,2026-09-28T06:28:41.559793+00:00,1790576820000,BTC-USDT-SWAP,SHORT,breakdown_retest_short,TREND_DOWN,83044.9,83167.9,82675.7,3.0,7.0,SL,83044.9,2026-09-28T06:29:15.609107+00:00,2026-09-28T06:43:05.397080+00:00,-1,50,"SHORT согласован с режимом TREND_DOWN: вход на ретесте пробитой локальной поддержки 83046.9, цена рядом с entry, R:R 3.0 приемлемый. TP расположен выше major_support 82647.0, поэтому ближайшая поддержка не блокирует цель."
f08dd7c54b18ef9e,2026-09-28T19:30:16.950467+00:00,1790623740000,BTC-USDT-SWAP,SHORT,breakdown_retest_short,RANGE,83613.0,83670.4,83440.8,3.0,7.0,TP,83613.0,2026-09-28T19:31:07.750119+00:00,2026-09-28T19:36:13.705031+00:00,3.0,19,"План допустим: шорт от ретеста пробитой поддержки 83614.8, вход не выглядит поздним относительно текущей цены, R:R около 3.0, цена ниже EMA20/EMA50, дисбаланс стакана медвежий. Режим RANGE требует осторожности, но прямо не противоречит короткой сделке при пробое поддержки."
